2026-07-27 14:42:45.946   Log opened. (Time zone: UTC+09:00)
2026-07-27 14:42:45.946   Setup version: Inno Setup version 6.7.3
2026-07-27 14:42:45.946   Original Setup EXE: C:\Projects\Class_project\edb_make\dist\ClassInEDBMVP-Setup.exe
2026-07-27 14:42:45.946   Setup command line: /SL5="$E308AC,60238027,915456,C:\Projects\Class_project\edb_make\dist\ClassInEDBMVP-Setup.exe" /VERYSILENT /SUPPRESSMSGBOXES /NORESTART /CURRENTUSER /SP- /DIR=C:\Users\aaaha\AppData\Local\ClassInEDBMVP\installer-smoke\1.3.1-direct /LOG=C:\Projects\Class_project\edb_make\.audit\installer-smoke-1.3.1-direct.log
2026-07-27 14:42:45.946   Windows version: 10.0.26200
2026-07-27 14:42:45.946   Windows architecture: x64 (64-bit)
2026-07-27 14:42:45.946   Machine types supported by system: x86 x64
2026-07-27 14:42:45.946   User privileges: None
2026-07-27 14:42:45.950   Administrative install mode: No
2026-07-27 14:42:45.950   Install mode root key: HKEY_CURRENT_USER
2026-07-27 14:42:45.950   64-bit install mode: Yes
2026-07-27 14:42:45.950   RedirectionGuard status for current process: Enabled in enforcing mode
2026-07-27 14:42:45.951   Created temporary directory: C:\Users\aaaha\AppData\Local\Temp\is-LU7HXT3WLK.tmp
2026-07-27 14:42:46.079   Found 53 files to register with RestartManager.
2026-07-27 14:42:46.079   Calling RestartManager's RmGetList.
2026-07-27 14:42:46.087   RmGetList finished successfully.
2026-07-27 14:42:46.087   RestartManager found no applications using one of our files.
2026-07-27 14:42:46.092   Starting the installation process.
2026-07-27 14:42:46.095   Creating directory: C:\Users\aaaha\AppData\Local\ClassInEDBMVP\installer-smoke
2026-07-27 14:42:46.095   Creating directory: C:\Users\aaaha\AppData\Local\ClassInEDBMVP\installer-smoke\1.3.1-direct
2026-07-27 14:42:46.095   Directory for uninstall files: C:\Users\aaaha\AppData\Local\ClassInEDBMVP\installer-smoke\1.3.1-direct
2026-07-27 14:42:46.095   Creating new uninstall log: C:\Users\aaaha\AppData\Local\ClassInEDBMVP\installer-smoke\1.3.1-direct\unins000.dat
2026-07-27 14:42:46.103   -- File entry --
2026-07-27 14:42:46.103   Dest filename: C:\Users\aaaha\AppData\Local\ClassInEDBMVP\installer-smoke\1.3.1-direct\unins000.exe
2026-07-27 14:42:46.103   Non-default bitness: 32-bit
2026-07-27 14:42:46.106   Time stamp of our file: 2026-07-27 14:42:44.417
2026-07-27 14:42:46.106   Installing the file.
2026-07-27 14:42:46.110   Successfully installed the file.
2026-07-27 14:42:46.110   -- File entry --
2026-07-27 14:42:46.110   Dest filename: C:\Users\aaaha\AppData\Local\ClassInEDBMVP\installer-smoke\1.3.1-direct\ClassInEDBMVP.exe
2026-07-27 14:42:46.110   Time stamp of our file: 2026-07-27 14:40:18.000
2026-07-27 14:42:46.110   Installing the file.
2026-07-27 14:42:46.177   Successfully installed the file.
2026-07-27 14:42:46.177   -- File entry --
2026-07-27 14:42:46.177   Dest filename: C:\Users\aaaha\AppData\Local\ClassInEDBMVP\installer-smoke\1.3.1-direct\_internal\api-ms-win-core-console-l1-1-0.dll
2026-07-27 14:42:46.177   Time stamp of our file: 2026-07-27 14:40:18.000
2026-07-27 14:42:46.177   Installing the file.
2026-07-27 14:42:46.177   Creating directory: C:\Users\aaaha\AppData\Local\ClassInEDBMVP\installer-smoke\1.3.1-direct\_internal
2026-07-27 14:42:46.179   Successfully installed the file.
2026-07-27 14:42:46.179   -- File entry --
2026-07-27 14:42:46.179   Dest filename: C:\Users\aaaha\AppData\Local\ClassInEDBMVP\installer-smoke\1.3.1-direct\_internal\api-ms-win-core-datetime-l1-1-0.dll
2026-07-27 14:42:46.179   Time stamp of our file: 2026-07-27 14:40:18.000
2026-07-27 14:42:46.179   Installing the file.
2026-07-27 14:42:46.180   Successfully installed the file.
2026-07-27 14:42:46.180   -- File entry --
2026-07-27 14:42:46.180   Dest filename: C:\Users\aaaha\AppData\Local\ClassInEDBMVP\installer-smoke\1.3.1-direct\_internal\api-ms-win-core-debug-l1-1-0.dll
2026-07-27 14:42:46.180   Time stamp of our file: 2026-07-27 14:40:18.000
2026-07-27 14:42:46.180   Installing the file.
2026-07-27 14:42:46.181   Successfully installed the file.
2026-07-27 14:42:46.181   -- File entry --
2026-07-27 14:42:46.181   Dest filename: C:\Users\aaaha\AppData\Local\ClassInEDBMVP\installer-smoke\1.3.1-direct\_internal\api-ms-win-core-errorhandling-l1-1-0.dll
2026-07-27 14:42:46.181   Time stamp of our file: 2026-07-27 14:40:18.000
2026-07-27 14:42:46.181   Installing the file.
2026-07-27 14:42:46.182   Successfully installed the file.
2026-07-27 14:42:46.182   -- File entry --
2026-07-27 14:42:46.182   Dest filename: C:\Users\aaaha\AppData\Local\ClassInEDBMVP\installer-smoke\1.3.1-direct\_internal\api-ms-win-core-file-l1-1-0.dll
2026-07-27 14:42:46.182   Time stamp of our file: 2026-07-27 14:40:18.000
2026-07-27 14:42:46.182   Installing the file.
2026-07-27 14:42:46.183   Successfully installed the file.
2026-07-27 14:42:46.183   -- File entry --
2026-07-27 14:42:46.183   Dest filename: C:\Users\aaaha\AppData\Local\ClassInEDBMVP\installer-smoke\1.3.1-direct\_internal\api-ms-win-core-file-l1-2-0.dll
2026-07-27 14:42:46.184   Time stamp of our file: 2026-07-27 14:40:18.000
2026-07-27 14:42:46.184   Installing the file.
2026-07-27 14:42:46.184   Successfully installed the file.
2026-07-27 14:42:46.184   -- File entry --
2026-07-27 14:42:46.184   Dest filename: C:\Users\aaaha\AppData\Local\ClassInEDBMVP\installer-smoke\1.3.1-direct\_internal\api-ms-win-core-file-l2-1-0.dll
2026-07-27 14:42:46.184   Time stamp of our file: 2026-07-27 14:40:18.000
2026-07-27 14:42:46.184   Installing the file.
2026-07-27 14:42:46.186   Successfully installed the file.
2026-07-27 14:42:46.186   -- File entry --
2026-07-27 14:42:46.186   Dest filename: C:\Users\aaaha\AppData\Local\ClassInEDBMVP\installer-smoke\1.3.1-direct\_internal\api-ms-win-core-handle-l1-1-0.dll
2026-07-27 14:42:46.187   Time stamp of our file: 2026-07-27 14:40:18.000
2026-07-27 14:42:46.187   Installing the file.
2026-07-27 14:42:46.187   Successfully installed the file.
2026-07-27 14:42:46.187   -- File entry --
2026-07-27 14:42:46.187   Dest filename: C:\Users\aaaha\AppData\Local\ClassInEDBMVP\installer-smoke\1.3.1-direct\_internal\api-ms-win-core-heap-l1-1-0.dll
2026-07-27 14:42:46.188   Time stamp of our file: 2026-07-27 14:40:18.000
2026-07-27 14:42:46.188   Installing the file.
2026-07-27 14:42:46.189   Successfully installed the file.
2026-07-27 14:42:46.189   -- File entry --
2026-07-27 14:42:46.189   Dest filename: C:\Users\aaaha\AppData\Local\ClassInEDBMVP\installer-smoke\1.3.1-direct\_internal\api-ms-win-core-interlocked-l1-1-0.dll
2026-07-27 14:42:46.189   Time stamp of our file: 2026-07-27 14:40:18.000
2026-07-27 14:42:46.189   Installing the file.
2026-07-27 14:42:46.190   Successfully installed the file.
2026-07-27 14:42:46.190   -- File entry --
2026-07-27 14:42:46.190   Dest filename: C:\Users\aaaha\AppData\Local\ClassInEDBMVP\installer-smoke\1.3.1-direct\_internal\api-ms-win-core-libraryloader-l1-1-0.dll
2026-07-27 14:42:46.190   Time stamp of our file: 2026-07-27 14:40:18.000
2026-07-27 14:42:46.190   Installing the file.
2026-07-27 14:42:46.191   Successfully installed the file.
2026-07-27 14:42:46.191   -- File entry --
2026-07-27 14:42:46.191   Dest filename: C:\Users\aaaha\AppData\Local\ClassInEDBMVP\installer-smoke\1.3.1-direct\_internal\api-ms-win-core-localization-l1-2-0.dll
2026-07-27 14:42:46.191   Time stamp of our file: 2026-07-27 14:40:18.000
2026-07-27 14:42:46.191   Installing the file.
2026-07-27 14:42:46.192   Successfully installed the file.
2026-07-27 14:42:46.192   -- File entry --
2026-07-27 14:42:46.192   Dest filename: C:\Users\aaaha\AppData\Local\ClassInEDBMVP\installer-smoke\1.3.1-direct\_internal\api-ms-win-core-memory-l1-1-0.dll
2026-07-27 14:42:46.192   Time stamp of our file: 2026-07-27 14:40:18.000
2026-07-27 14:42:46.192   Installing the file.
2026-07-27 14:42:46.193   Successfully installed the file.
2026-07-27 14:42:46.193   -- File entry --
2026-07-27 14:42:46.193   Dest filename: C:\Users\aaaha\AppData\Local\ClassInEDBMVP\installer-smoke\1.3.1-direct\_internal\api-ms-win-core-namedpipe-l1-1-0.dll
2026-07-27 14:42:46.193   Time stamp of our file: 2026-07-27 14:40:18.000
2026-07-27 14:42:46.193   Installing the file.
2026-07-27 14:42:46.194   Successfully installed the file.
2026-07-27 14:42:46.194   -- File entry --
2026-07-27 14:42:46.194   Dest filename: C:\Users\aaaha\AppData\Local\ClassInEDBMVP\installer-smoke\1.3.1-direct\_internal\api-ms-win-core-processenvironment-l1-1-0.dll
2026-07-27 14:42:46.194   Time stamp of our file: 2026-07-27 14:40:18.000
2026-07-27 14:42:46.194   Installing the file.
2026-07-27 14:42:46.195   Successfully installed the file.
2026-07-27 14:42:46.195   -- File entry --
2026-07-27 14:42:46.195   Dest filename: C:\Users\aaaha\AppData\Local\ClassInEDBMVP\installer-smoke\1.3.1-direct\_internal\api-ms-win-core-processthreads-l1-1-0.dll
2026-07-27 14:42:46.195   Time stamp of our file: 2026-07-27 14:40:18.000
2026-07-27 14:42:46.195   Installing the file.
2026-07-27 14:42:46.196   Successfully installed the file.
2026-07-27 14:42:46.196   -- File entry --
2026-07-27 14:42:46.196   Dest filename: C:\Users\aaaha\AppData\Local\ClassInEDBMVP\installer-smoke\1.3.1-direct\_internal\api-ms-win-core-processthreads-l1-1-1.dll
2026-07-27 14:42:46.196   Time stamp of our file: 2026-07-27 14:40:18.000
2026-07-27 14:42:46.196   Installing the file.
2026-07-27 14:42:46.197   Successfully installed the file.
2026-07-27 14:42:46.197   -- File entry --
2026-07-27 14:42:46.197   Dest filename: C:\Users\aaaha\AppData\Local\ClassInEDBMVP\installer-smoke\1.3.1-direct\_internal\api-ms-win-core-profile-l1-1-0.dll
2026-07-27 14:42:46.197   Time stamp of our file: 2026-07-27 14:40:18.000
2026-07-27 14:42:46.197   Installing the file.
2026-07-27 14:42:46.198   Successfully installed the file.
2026-07-27 14:42:46.198   -- File entry --
2026-07-27 14:42:46.198   Dest filename: C:\Users\aaaha\AppData\Local\ClassInEDBMVP\installer-smoke\1.3.1-direct\_internal\api-ms-win-core-rtlsupport-l1-1-0.dll
2026-07-27 14:42:46.199   Time stamp of our file: 2026-07-27 14:40:18.000
2026-07-27 14:42:46.199   Installing the file.
2026-07-27 14:42:46.199   Successfully installed the file.
2026-07-27 14:42:46.199   -- File entry --
2026-07-27 14:42:46.199   Dest filename: C:\Users\aaaha\AppData\Local\ClassInEDBMVP\installer-smoke\1.3.1-direct\_internal\api-ms-win-core-string-l1-1-0.dll
2026-07-27 14:42:46.200   Time stamp of our file: 2026-07-27 14:40:18.000
2026-07-27 14:42:46.200   Installing the file.
2026-07-27 14:42:46.200   Successfully installed the file.
2026-07-27 14:42:46.200   -- File entry --
2026-07-27 14:42:46.200   Dest filename: C:\Users\aaaha\AppData\Local\ClassInEDBMVP\installer-smoke\1.3.1-direct\_internal\api-ms-win-core-synch-l1-1-0.dll
2026-07-27 14:42:46.201   Time stamp of our file: 2026-07-27 14:40:18.000
2026-07-27 14:42:46.201   Installing the file.
2026-07-27 14:42:46.202   Successfully installed the file.
2026-07-27 14:42:46.202   -- File entry --
2026-07-27 14:42:46.202   Dest filename: C:\Users\aaaha\AppData\Local\ClassInEDBMVP\installer-smoke\1.3.1-direct\_internal\api-ms-win-core-synch-l1-2-0.dll
2026-07-27 14:42:46.202   Time stamp of our file: 2026-07-27 14:40:18.000
2026-07-27 14:42:46.202   Installing the file.
2026-07-27 14:42:46.203   Successfully installed the file.
2026-07-27 14:42:46.203   -- File entry --
2026-07-27 14:42:46.203   Dest filename: C:\Users\aaaha\AppData\Local\ClassInEDBMVP\installer-smoke\1.3.1-direct\_internal\api-ms-win-core-sysinfo-l1-1-0.dll
2026-07-27 14:42:46.203   Time stamp of our file: 2026-07-27 14:40:18.000
2026-07-27 14:42:46.203   Installing the file.
2026-07-27 14:42:46.204   Successfully installed the file.
2026-07-27 14:42:46.204   -- File entry --
2026-07-27 14:42:46.204   Dest filename: C:\Users\aaaha\AppData\Local\ClassInEDBMVP\installer-smoke\1.3.1-direct\_internal\api-ms-win-core-timezone-l1-1-0.dll
2026-07-27 14:42:46.204   Time stamp of our file: 2026-07-27 14:40:18.000
2026-07-27 14:42:46.204   Installing the file.
2026-07-27 14:42:46.204   Successfully installed the file.
2026-07-27 14:42:46.204   -- File entry --
2026-07-27 14:42:46.204   Dest filename: C:\Users\aaaha\AppData\Local\ClassInEDBMVP\installer-smoke\1.3.1-direct\_internal\api-ms-win-core-util-l1-1-0.dll
2026-07-27 14:42:46.206   Time stamp of our file: 2026-07-27 14:40:18.000
2026-07-27 14:42:46.206   Installing the file.
2026-07-27 14:42:46.206   Successfully installed the file.
2026-07-27 14:42:46.206   -- File entry --
2026-07-27 14:42:46.206   Dest filename: C:\Users\aaaha\AppData\Local\ClassInEDBMVP\installer-smoke\1.3.1-direct\_internal\api-ms-win-crt-conio-l1-1-0.dll
2026-07-27 14:42:46.207   Time stamp of our file: 2026-07-27 14:40:18.000
2026-07-27 14:42:46.207   Installing the file.
2026-07-27 14:42:46.207   Successfully installed the file.
2026-07-27 14:42:46.207   -- File entry --
2026-07-27 14:42:46.207   Dest filename: C:\Users\aaaha\AppData\Local\ClassInEDBMVP\installer-smoke\1.3.1-direct\_internal\api-ms-win-crt-convert-l1-1-0.dll
2026-07-27 14:42:46.208   Time stamp of our file: 2026-07-27 14:40:18.000
2026-07-27 14:42:46.208   Installing the file.
2026-07-27 14:42:46.208   Successfully installed the file.
2026-07-27 14:42:46.208   -- File entry --
2026-07-27 14:42:46.208   Dest filename: C:\Users\aaaha\AppData\Local\ClassInEDBMVP\installer-smoke\1.3.1-direct\_internal\api-ms-win-crt-environment-l1-1-0.dll
2026-07-27 14:42:46.209   Time stamp of our file: 2026-07-27 14:40:18.000
2026-07-27 14:42:46.209   Installing the file.
2026-07-27 14:42:46.209   Successfully installed the file.
2026-07-27 14:42:46.210   -- File entry --
2026-07-27 14:42:46.210   Dest filename: C:\Users\aaaha\AppData\Local\ClassInEDBMVP\installer-smoke\1.3.1-direct\_internal\api-ms-win-crt-filesystem-l1-1-0.dll
2026-07-27 14:42:46.210   Time stamp of our file: 2026-07-27 14:40:18.000
2026-07-27 14:42:46.210   Installing the file.
2026-07-27 14:42:46.211   Successfully installed the file.
2026-07-27 14:42:46.211   -- File entry --
2026-07-27 14:42:46.211   Dest filename: C:\Users\aaaha\AppData\Local\ClassInEDBMVP\installer-smoke\1.3.1-direct\_internal\api-ms-win-crt-heap-l1-1-0.dll
2026-07-27 14:42:46.211   Time stamp of our file: 2026-07-27 14:40:18.000
2026-07-27 14:42:46.211   Installing the file.
2026-07-27 14:42:46.212   Successfully installed the file.
2026-07-27 14:42:46.212   -- File entry --
2026-07-27 14:42:46.212   Dest filename: C:\Users\aaaha\AppData\Local\ClassInEDBMVP\installer-smoke\1.3.1-direct\_internal\api-ms-win-crt-locale-l1-1-0.dll
2026-07-27 14:42:46.212   Time stamp of our file: 2026-07-27 14:40:18.000
2026-07-27 14:42:46.212   Installing the file.
2026-07-27 14:42:46.213   Successfully installed the file.
2026-07-27 14:42:46.213   -- File entry --
2026-07-27 14:42:46.213   Dest filename: C:\Users\aaaha\AppData\Local\ClassInEDBMVP\installer-smoke\1.3.1-direct\_internal\api-ms-win-crt-math-l1-1-0.dll
2026-07-27 14:42:46.213   Time stamp of our file: 2026-07-27 14:40:18.000
2026-07-27 14:42:46.213   Installing the file.
2026-07-27 14:42:46.214   Successfully installed the file.
2026-07-27 14:42:46.214   -- File entry --
2026-07-27 14:42:46.214   Dest filename: C:\Users\aaaha\AppData\Local\ClassInEDBMVP\installer-smoke\1.3.1-direct\_internal\api-ms-win-crt-private-l1-1-0.dll
2026-07-27 14:42:46.214   Time stamp of our file: 2026-07-27 14:40:18.000
2026-07-27 14:42:46.214   Installing the file.
2026-07-27 14:42:46.216   Successfully installed the file.
2026-07-27 14:42:46.216   -- File entry --
2026-07-27 14:42:46.216   Dest filename: C:\Users\aaaha\AppData\Local\ClassInEDBMVP\installer-smoke\1.3.1-direct\_internal\api-ms-win-crt-process-l1-1-0.dll
2026-07-27 14:42:46.216   Time stamp of our file: 2026-07-27 14:40:18.000
2026-07-27 14:42:46.216   Installing the file.
2026-07-27 14:42:46.217   Successfully installed the file.
2026-07-27 14:42:46.217   -- File entry --
2026-07-27 14:42:46.217   Dest filename: C:\Users\aaaha\AppData\Local\ClassInEDBMVP\installer-smoke\1.3.1-direct\_internal\api-ms-win-crt-runtime-l1-1-0.dll
2026-07-27 14:42:46.217   Time stamp of our file: 2026-07-27 14:40:18.000
2026-07-27 14:42:46.217   Installing the file.
2026-07-27 14:42:46.218   Successfully installed the file.
2026-07-27 14:42:46.218   -- File entry --
2026-07-27 14:42:46.218   Dest filename: C:\Users\aaaha\AppData\Local\ClassInEDBMVP\installer-smoke\1.3.1-direct\_internal\api-ms-win-crt-stdio-l1-1-0.dll
2026-07-27 14:42:46.218   Time stamp of our file: 2026-07-27 14:40:18.000
2026-07-27 14:42:46.218   Installing the file.
2026-07-27 14:42:46.220   Successfully installed the file.
2026-07-27 14:42:46.220   -- File entry --
2026-07-27 14:42:46.220   Dest filename: C:\Users\aaaha\AppData\Local\ClassInEDBMVP\installer-smoke\1.3.1-direct\_internal\api-ms-win-crt-string-l1-1-0.dll
2026-07-27 14:42:46.220   Time stamp of our file: 2026-07-27 14:40:18.000
2026-07-27 14:42:46.220   Installing the file.
2026-07-27 14:42:46.221   Successfully installed the file.
2026-07-27 14:42:46.221   -- File entry --
2026-07-27 14:42:46.221   Dest filename: C:\Users\aaaha\AppData\Local\ClassInEDBMVP\installer-smoke\1.3.1-direct\_internal\api-ms-win-crt-time-l1-1-0.dll
2026-07-27 14:42:46.222   Time stamp of our file: 2026-07-27 14:40:18.000
2026-07-27 14:42:46.222   Installing the file.
2026-07-27 14:42:46.222   Successfully installed the file.
2026-07-27 14:42:46.223   -- File entry --
2026-07-27 14:42:46.223   Dest filename: C:\Users\aaaha\AppData\Local\ClassInEDBMVP\installer-smoke\1.3.1-direct\_internal\api-ms-win-crt-utility-l1-1-0.dll
2026-07-27 14:42:46.223   Time stamp of our file: 2026-07-27 14:40:18.000
2026-07-27 14:42:46.223   Installing the file.
2026-07-27 14:42:46.224   Successfully installed the file.
2026-07-27 14:42:46.224   -- File entry --
2026-07-27 14:42:46.224   Dest filename: C:\Users\aaaha\AppData\Local\ClassInEDBMVP\installer-smoke\1.3.1-direct\_internal\app_update_config.json
2026-07-27 14:42:46.224   Time stamp of our file: 2026-07-27 14:40:18.000
2026-07-27 14:42:46.224   Installing the file.
2026-07-27 14:42:46.224   Successfully installed the file.
2026-07-27 14:42:46.224   -- File entry --
2026-07-27 14:42:46.224   Dest filename: C:\Users\aaaha\AppData\Local\ClassInEDBMVP\installer-smoke\1.3.1-direct\_internal\base_library.zip
2026-07-27 14:42:46.224   Time stamp of our file: 2026-07-27 14:40:18.000
2026-07-27 14:42:46.224   Installing the file.
2026-07-27 14:42:46.246   Successfully installed the file.
2026-07-27 14:42:46.246   -- File entry --
2026-07-27 14:42:46.246   Dest filename: C:\Users\aaaha\AppData\Local\ClassInEDBMVP\installer-smoke\1.3.1-direct\_internal\libcrypto-3-x64.dll
2026-07-27 14:42:46.246   Time stamp of our file: 2026-07-27 14:40:18.000
2026-07-27 14:42:46.246   Installing the file.
2026-07-27 14:42:46.354   Successfully installed the file.
2026-07-27 14:42:46.355   -- File entry --
2026-07-27 14:42:46.355   Dest filename: C:\Users\aaaha\AppData\Local\ClassInEDBMVP\installer-smoke\1.3.1-direct\_internal\libffi-8.dll
2026-07-27 14:42:46.355   Time stamp of our file: 2026-07-27 14:40:18.000
2026-07-27 14:42:46.355   Installing the file.
2026-07-27 14:42:46.356   Successfully installed the file.
2026-07-27 14:42:46.356   -- File entry --
2026-07-27 14:42:46.356   Dest filename: C:\Users\aaaha\AppData\Local\ClassInEDBMVP\installer-smoke\1.3.1-direct\_internal\libssl-3-x64.dll
2026-07-27 14:42:46.356   Time stamp of our file: 2026-07-27 14:40:18.000
2026-07-27 14:42:46.356   Installing the file.
2026-07-27 14:42:46.379   Successfully installed the file.
2026-07-27 14:42:46.379   -- File entry --
2026-07-27 14:42:46.379   Dest filename: C:\Users\aaaha\AppData\Local\ClassInEDBMVP\installer-smoke\1.3.1-direct\_internal\MSVCP140.dll
2026-07-27 14:42:46.379   Time stamp of our file: 2026-07-27 14:40:18.000
2026-07-27 14:42:46.379   Installing the file.
2026-07-27 14:42:46.388   Successfully installed the file.
2026-07-27 14:42:46.388   -- File entry --
2026-07-27 14:42:46.388   Dest filename: C:\Users\aaaha\AppData\Local\ClassInEDBMVP\installer-smoke\1.3.1-direct\_internal\pyexpat.pyd
2026-07-27 14:42:46.389   Time stamp of our file: 2026-07-27 14:40:18.000
2026-07-27 14:42:46.389   Installing the file.
2026-07-27 14:42:46.394   Successfully installed the file.
2026-07-27 14:42:46.394   -- File entry --
2026-07-27 14:42:46.394   Dest filename: C:\Users\aaaha\AppData\Local\ClassInEDBMVP\installer-smoke\1.3.1-direct\_internal\python3.dll
2026-07-27 14:42:46.394   Time stamp of our file: 2026-07-27 14:40:18.000
2026-07-27 14:42:46.394   Installing the file.
2026-07-27 14:42:46.396   Successfully installed the file.
2026-07-27 14:42:46.396   -- File entry --
2026-07-27 14:42:46.396   Dest filename: C:\Users\aaaha\AppData\Local\ClassInEDBMVP\installer-smoke\1.3.1-direct\_internal\python312.dll
2026-07-27 14:42:46.396   Time stamp of our file: 2026-07-27 14:40:18.000
2026-07-27 14:42:46.396   Installing the file.
2026-07-27 14:42:46.511   Successfully installed the file.
2026-07-27 14:42:46.511   -- File entry --
2026-07-27 14:42:46.511   Dest filename: C:\Users\aaaha\AppData\Local\ClassInEDBMVP\installer-smoke\1.3.1-direct\_internal\select.pyd
2026-07-27 14:42:46.511   Time stamp of our file: 2026-07-27 14:40:18.000
2026-07-27 14:42:46.511   Installing the file.
2026-07-27 14:42:46.512   Successfully installed the file.
2026-07-27 14:42:46.512   -- File entry --
2026-07-27 14:42:46.512   Dest filename: C:\Users\aaaha\AppData\Local\ClassInEDBMVP\installer-smoke\1.3.1-direct\_internal\ucrtbase.dll
2026-07-27 14:42:46.512   Time stamp of our file: 2026-07-27 14:40:18.000
2026-07-27 14:42:46.512   Installing the file.
2026-07-27 14:42:46.533   Successfully installed the file.
2026-07-27 14:42:46.533   -- File entry --
2026-07-27 14:42:46.533   Dest filename: C:\Users\aaaha\AppData\Local\ClassInEDBMVP\installer-smoke\1.3.1-direct\_internal\unicodedata.pyd
2026-07-27 14:42:46.533   Time stamp of our file: 2026-07-27 14:40:18.000
2026-07-27 14:42:46.533   Installing the file.
2026-07-27 14:42:46.555   Successfully installed the file.
2026-07-27 14:42:46.555   -- File entry --
2026-07-27 14:42:46.555   Dest filename: C:\Users\aaaha\AppData\Local\ClassInEDBMVP\installer-smoke\1.3.1-direct\_internal\VCRUNTIME140.dll
2026-07-27 14:42:46.555   Time stamp of our file: 2026-07-27 14:40:18.000
2026-07-27 14:42:46.555   Installing the file.
2026-07-27 14:42:46.558   Successfully installed the file.
2026-07-27 14:42:46.558   -- File entry --
2026-07-27 14:42:46.558   Dest filename: C:\Users\aaaha\AppData\Local\ClassInEDBMVP\installer-smoke\1.3.1-direct\_internal\VCRUNTIME140_1.dll
2026-07-27 14:42:46.558   Time stamp of our file: 2026-07-27 14:40:18.000
2026-07-27 14:42:46.558   Installing the file.
2026-07-27 14:42:46.560   Successfully installed the file.
2026-07-27 14:42:46.560   -- File entry --
2026-07-27 14:42:46.560   Dest filename: C:\Users\aaaha\AppData\Local\ClassInEDBMVP\installer-smoke\1.3.1-direct\_internal\_asyncio.pyd
2026-07-27 14:42:46.560   Time stamp of our file: 2026-07-27 14:40:18.000
2026-07-27 14:42:46.560   Installing the file.
2026-07-27 14:42:46.562   Successfully installed the file.
2026-07-27 14:42:46.562   -- File entry --
2026-07-27 14:42:46.562   Dest filename: C:\Users\aaaha\AppData\Local\ClassInEDBMVP\installer-smoke\1.3.1-direct\_internal\_bz2.pyd
2026-07-27 14:42:46.563   Time stamp of our file: 2026-07-27 14:40:18.000
2026-07-27 14:42:46.563   Installing the file.
2026-07-27 14:42:46.566   Successfully installed the file.
2026-07-27 14:42:46.566   -- File entry --
2026-07-27 14:42:46.566   Dest filename: C:\Users\aaaha\AppData\Local\ClassInEDBMVP\installer-smoke\1.3.1-direct\_internal\_ctypes.pyd
2026-07-27 14:42:46.566   Time stamp of our file: 2026-07-27 14:40:18.000
2026-07-27 14:42:46.566   Installing the file.
2026-07-27 14:42:46.569   Successfully installed the file.
2026-07-27 14:42:46.569   -- File entry --
2026-07-27 14:42:46.569   Dest filename: C:\Users\aaaha\AppData\Local\ClassInEDBMVP\installer-smoke\1.3.1-direct\_internal\_decimal.pyd
2026-07-27 14:42:46.569   Time stamp of our file: 2026-07-27 14:40:18.000
2026-07-27 14:42:46.569   Installing the file.
2026-07-27 14:42:46.575   Successfully installed the file.
2026-07-27 14:42:46.575   -- File entry --
2026-07-27 14:42:46.575   Dest filename: C:\Users\aaaha\AppData\Local\ClassInEDBMVP\installer-smoke\1.3.1-direct\_internal\_elementtree.pyd
2026-07-27 14:42:46.575   Time stamp of our file: 2026-07-27 14:40:18.000
2026-07-27 14:42:46.575   Installing the file.
2026-07-27 14:42:46.578   Successfully installed the file.
2026-07-27 14:42:46.578   -- File entry --
2026-07-27 14:42:46.578   Dest filename: C:\Users\aaaha\AppData\Local\ClassInEDBMVP\installer-smoke\1.3.1-direct\_internal\_hashlib.pyd
2026-07-27 14:42:46.578   Time stamp of our file: 2026-07-27 14:40:18.000
2026-07-27 14:42:46.578   Installing the file.
2026-07-27 14:42:46.580   Successfully installed the file.
2026-07-27 14:42:46.580   -- File entry --
2026-07-27 14:42:46.580   Dest filename: C:\Users\aaaha\AppData\Local\ClassInEDBMVP\installer-smoke\1.3.1-direct\_internal\_lzma.pyd
2026-07-27 14:42:46.580   Time stamp of our file: 2026-07-27 14:40:18.000
2026-07-27 14:42:46.580   Installing the file.
2026-07-27 14:42:46.584   Successfully installed the file.
2026-07-27 14:42:46.586   -- File entry --
2026-07-27 14:42:46.586   Dest filename: C:\Users\aaaha\AppData\Local\ClassInEDBMVP\installer-smoke\1.3.1-direct\_internal\_multiprocessing.pyd
2026-07-27 14:42:46.586   Time stamp of our file: 2026-07-27 14:40:18.000
2026-07-27 14:42:46.586   Installing the file.
2026-07-27 14:42:46.587   Successfully installed the file.
2026-07-27 14:42:46.587   -- File entry --
2026-07-27 14:42:46.588   Dest filename: C:\Users\aaaha\AppData\Local\ClassInEDBMVP\installer-smoke\1.3.1-direct\_internal\_overlapped.pyd
2026-07-27 14:42:46.588   Time stamp of our file: 2026-07-27 14:40:18.000
2026-07-27 14:42:46.588   Installing the file.
2026-07-27 14:42:46.591   Successfully installed the file.
2026-07-27 14:42:46.591   -- File entry --
2026-07-27 14:42:46.591   Dest filename: C:\Users\aaaha\AppData\Local\ClassInEDBMVP\installer-smoke\1.3.1-direct\_internal\_queue.pyd
2026-07-27 14:42:46.591   Time stamp of our file: 2026-07-27 14:40:18.000
2026-07-27 14:42:46.591   Installing the file.
2026-07-27 14:42:46.594   Successfully installed the file.
2026-07-27 14:42:46.595   -- File entry --
2026-07-27 14:42:46.595   Dest filename: C:\Users\aaaha\AppData\Local\ClassInEDBMVP\installer-smoke\1.3.1-direct\_internal\_socket.pyd
2026-07-27 14:42:46.595   Time stamp of our file: 2026-07-27 14:40:18.000
2026-07-27 14:42:46.595   Installing the file.
2026-07-27 14:42:46.599   Successfully installed the file.
2026-07-27 14:42:46.599   -- File entry --
2026-07-27 14:42:46.599   Dest filename: C:\Users\aaaha\AppData\Local\ClassInEDBMVP\installer-smoke\1.3.1-direct\_internal\_ssl.pyd
2026-07-27 14:42:46.599   Time stamp of our file: 2026-07-27 14:40:18.000
2026-07-27 14:42:46.599   Installing the file.
2026-07-27 14:42:46.603   Successfully installed the file.
2026-07-27 14:42:46.603   -- File entry --
2026-07-27 14:42:46.603   Dest filename: C:\Users\aaaha\AppData\Local\ClassInEDBMVP\installer-smoke\1.3.1-direct\_internal\_uuid.pyd
2026-07-27 14:42:46.604   Time stamp of our file: 2026-07-27 14:40:18.000
2026-07-27 14:42:46.604   Installing the file.
2026-07-27 14:42:46.605   Successfully installed the file.
2026-07-27 14:42:46.605   -- File entry --
2026-07-27 14:42:46.605   Dest filename: C:\Users\aaaha\AppData\Local\ClassInEDBMVP\installer-smoke\1.3.1-direct\_internal\_wmi.pyd
2026-07-27 14:42:46.605   Time stamp of our file: 2026-07-27 14:40:18.000
2026-07-27 14:42:46.605   Installing the file.
2026-07-27 14:42:46.605   Successfully installed the file.
2026-07-27 14:42:46.605   -- File entry --
2026-07-27 14:42:46.605   Dest filename: C:\Users\aaaha\AppData\Local\ClassInEDBMVP\installer-smoke\1.3.1-direct\_internal\assets\app_icon.png
2026-07-27 14:42:46.606   Time stamp of our file: 2026-07-27 14:40:18.000
2026-07-27 14:42:46.606   Installing the file.
2026-07-27 14:42:46.606   Creating directory: C:\Users\aaaha\AppData\Local\ClassInEDBMVP\installer-smoke\1.3.1-direct\_internal\assets
2026-07-27 14:42:46.613   Successfully installed the file.
2026-07-27 14:42:46.613   -- File entry --
2026-07-27 14:42:46.613   Dest filename: C:\Users\aaaha\AppData\Local\ClassInEDBMVP\installer-smoke\1.3.1-direct\_internal\cv2\config-3.py
2026-07-27 14:42:46.613   Time stamp of our file: 2026-07-27 14:40:18.000
2026-07-27 14:42:46.614   Installing the file.
2026-07-27 14:42:46.614   Creating directory: C:\Users\aaaha\AppData\Local\ClassInEDBMVP\installer-smoke\1.3.1-direct\_internal\cv2
2026-07-27 14:42:46.614   Successfully installed the file.
2026-07-27 14:42:46.615   -- File entry --
2026-07-27 14:42:46.615   Dest filename: C:\Users\aaaha\AppData\Local\ClassInEDBMVP\installer-smoke\1.3.1-direct\_internal\cv2\config.py
2026-07-27 14:42:46.615   Time stamp of our file: 2026-07-27 14:40:18.000
2026-07-27 14:42:46.615   Installing the file.
2026-07-27 14:42:46.615   Successfully installed the file.
2026-07-27 14:42:46.615   -- File entry --
2026-07-27 14:42:46.616   Dest filename: C:\Users\aaaha\AppData\Local\ClassInEDBMVP\installer-smoke\1.3.1-direct\_internal\cv2\cv2.pyd
2026-07-27 14:42:46.616   Time stamp of our file: 2026-07-27 14:40:18.000
2026-07-27 14:42:46.616   Installing the file.
2026-07-27 14:42:47.881   Successfully installed the file.
2026-07-27 14:42:47.881   -- File entry --
2026-07-27 14:42:47.882   Dest filename: C:\Users\aaaha\AppData\Local\ClassInEDBMVP\installer-smoke\1.3.1-direct\_internal\cv2\load_config_py3.py
2026-07-27 14:42:47.882   Time stamp of our file: 2026-07-27 14:40:18.000
2026-07-27 14:42:47.882   Installing the file.
2026-07-27 14:42:47.883   Successfully installed the file.
2026-07-27 14:42:47.883   -- File entry --
2026-07-27 14:42:47.884   Dest filename: C:\Users\aaaha\AppData\Local\ClassInEDBMVP\installer-smoke\1.3.1-direct\_internal\cv2\opencv_videoio_ffmpeg4130_64.dll
2026-07-27 14:42:47.884   Time stamp of our file: 2026-07-27 14:40:18.000
2026-07-27 14:42:47.884   Installing the file.
2026-07-27 14:42:48.499   Successfully installed the file.
2026-07-27 14:42:48.499   -- File entry --
2026-07-27 14:42:48.499   Dest filename: C:\Users\aaaha\AppData\Local\ClassInEDBMVP\installer-smoke\1.3.1-direct\_internal\cv2\version.py
2026-07-27 14:42:48.499   Time stamp of our file: 2026-07-27 14:40:18.000
2026-07-27 14:42:48.499   Installing the file.
2026-07-27 14:42:48.501   Successfully installed the file.
2026-07-27 14:42:48.501   -- File entry --
2026-07-27 14:42:48.501   Dest filename: C:\Users\aaaha\AppData\Local\ClassInEDBMVP\installer-smoke\1.3.1-direct\_internal\cv2\__init__.py
2026-07-27 14:42:48.501   Time stamp of our file: 2026-07-27 14:40:18.000
2026-07-27 14:42:48.501   Installing the file.
2026-07-27 14:42:48.502   Successfully installed the file.
2026-07-27 14:42:48.502   -- File entry --
2026-07-27 14:42:48.502   Dest filename: C:\Users\aaaha\AppData\Local\ClassInEDBMVP\installer-smoke\1.3.1-direct\_internal\cv2\data\__init__.py
2026-07-27 14:42:48.502   Time stamp of our file: 2026-07-27 14:40:18.000
2026-07-27 14:42:48.502   Installing the file.
2026-07-27 14:42:48.502   Creating directory: C:\Users\aaaha\AppData\Local\ClassInEDBMVP\installer-smoke\1.3.1-direct\_internal\cv2\data
2026-07-27 14:42:48.503   Successfully installed the file.
2026-07-27 14:42:48.503   -- File entry --
2026-07-27 14:42:48.503   Dest filename: C:\Users\aaaha\AppData\Local\ClassInEDBMVP\installer-smoke\1.3.1-direct\_internal\cv2\gapi\__init__.py
2026-07-27 14:42:48.503   Time stamp of our file: 2026-07-27 14:40:18.000
2026-07-27 14:42:48.503   Installing the file.
2026-07-27 14:42:48.504   Creating directory: C:\Users\aaaha\AppData\Local\ClassInEDBMVP\installer-smoke\1.3.1-direct\_internal\cv2\gapi
2026-07-27 14:42:48.505   Successfully installed the file.
2026-07-27 14:42:48.505   -- File entry --
2026-07-27 14:42:48.505   Dest filename: C:\Users\aaaha\AppData\Local\ClassInEDBMVP\installer-smoke\1.3.1-direct\_internal\cv2\mat_wrapper\__init__.py
2026-07-27 14:42:48.505   Time stamp of our file: 2026-07-27 14:40:18.000
2026-07-27 14:42:48.505   Installing the file.
2026-07-27 14:42:48.505   Creating directory: C:\Users\aaaha\AppData\Local\ClassInEDBMVP\installer-smoke\1.3.1-direct\_internal\cv2\mat_wrapper
2026-07-27 14:42:48.506   Successfully installed the file.
2026-07-27 14:42:48.506   -- File entry --
2026-07-27 14:42:48.506   Dest filename: C:\Users\aaaha\AppData\Local\ClassInEDBMVP\installer-smoke\1.3.1-direct\_internal\cv2\misc\version.py
2026-07-27 14:42:48.506   Time stamp of our file: 2026-07-27 14:40:18.000
2026-07-27 14:42:48.506   Installing the file.
2026-07-27 14:42:48.506   Creating directory: C:\Users\aaaha\AppData\Local\ClassInEDBMVP\installer-smoke\1.3.1-direct\_internal\cv2\misc
2026-07-27 14:42:48.507   Successfully installed the file.
2026-07-27 14:42:48.508   -- File entry --
2026-07-27 14:42:48.508   Dest filename: C:\Users\aaaha\AppData\Local\ClassInEDBMVP\installer-smoke\1.3.1-direct\_internal\cv2\misc\__init__.py
2026-07-27 14:42:48.508   Time stamp of our file: 2026-07-27 14:40:18.000
2026-07-27 14:42:48.508   Installing the file.
2026-07-27 14:42:48.509   Successfully installed the file.
2026-07-27 14:42:48.509   -- File entry --
2026-07-27 14:42:48.509   Dest filename: C:\Users\aaaha\AppData\Local\ClassInEDBMVP\installer-smoke\1.3.1-direct\_internal\cv2\typing\__init__.py
2026-07-27 14:42:48.509   Time stamp of our file: 2026-07-27 14:40:18.000
2026-07-27 14:42:48.509   Installing the file.
2026-07-27 14:42:48.509   Creating directory: C:\Users\aaaha\AppData\Local\ClassInEDBMVP\installer-smoke\1.3.1-direct\_internal\cv2\typing
2026-07-27 14:42:48.510   Successfully installed the file.
2026-07-27 14:42:48.510   -- File entry --
2026-07-27 14:42:48.510   Dest filename: C:\Users\aaaha\AppData\Local\ClassInEDBMVP\installer-smoke\1.3.1-direct\_internal\cv2\utils\__init__.py
2026-07-27 14:42:48.510   Time stamp of our file: 2026-07-27 14:40:18.000
2026-07-27 14:42:48.510   Installing the file.
2026-07-27 14:42:48.510   Creating directory: C:\Users\aaaha\AppData\Local\ClassInEDBMVP\installer-smoke\1.3.1-direct\_internal\cv2\utils
2026-07-27 14:42:48.512   Successfully installed the file.
2026-07-27 14:42:48.512   -- File entry --
2026-07-27 14:42:48.512   Dest filename: C:\Users\aaaha\AppData\Local\ClassInEDBMVP\installer-smoke\1.3.1-direct\_internal\numpy\fft\_pocketfft_umath.cp312-win_amd64.pyd
2026-07-27 14:42:48.512   Time stamp of our file: 2026-07-27 14:40:18.000
2026-07-27 14:42:48.512   Installing the file.
2026-07-27 14:42:48.512   Creating directory: C:\Users\aaaha\AppData\Local\ClassInEDBMVP\installer-smoke\1.3.1-direct\_internal\numpy
2026-07-27 14:42:48.512   Creating directory: C:\Users\aaaha\AppData\Local\ClassInEDBMVP\installer-smoke\1.3.1-direct\_internal\numpy\fft
2026-07-27 14:42:48.520   Successfully installed the file.
2026-07-27 14:42:48.520   -- File entry --
2026-07-27 14:42:48.520   Dest filename: C:\Users\aaaha\AppData\Local\ClassInEDBMVP\installer-smoke\1.3.1-direct\_internal\numpy\linalg\_umath_linalg.cp312-win_amd64.pyd
2026-07-27 14:42:48.521   Time stamp of our file: 2026-07-27 14:40:18.000
2026-07-27 14:42:48.521   Installing the file.
2026-07-27 14:42:48.521   Creating directory: C:\Users\aaaha\AppData\Local\ClassInEDBMVP\installer-smoke\1.3.1-direct\_internal\numpy\linalg
2026-07-27 14:42:48.524   Successfully installed the file.
2026-07-27 14:42:48.524   -- File entry --
2026-07-27 14:42:48.524   Dest filename: C:\Users\aaaha\AppData\Local\ClassInEDBMVP\installer-smoke\1.3.1-direct\_internal\numpy\random\bit_generator.cp312-win_amd64.pyd
2026-07-27 14:42:48.525   Time stamp of our file: 2026-07-27 14:40:18.000
2026-07-27 14:42:48.525   Installing the file.
2026-07-27 14:42:48.525   Creating directory: C:\Users\aaaha\AppData\Local\ClassInEDBMVP\installer-smoke\1.3.1-direct\_internal\numpy\random
2026-07-27 14:42:48.529   Successfully installed the file.
2026-07-27 14:42:48.529   -- File entry --
2026-07-27 14:42:48.529   Dest filename: C:\Users\aaaha\AppData\Local\ClassInEDBMVP\installer-smoke\1.3.1-direct\_internal\numpy\random\mtrand.cp312-win_amd64.pyd
2026-07-27 14:42:48.529   Time stamp of our file: 2026-07-27 14:40:18.000
2026-07-27 14:42:48.529   Installing the file.
2026-07-27 14:42:48.541   Successfully installed the file.
2026-07-27 14:42:48.541   -- File entry --
2026-07-27 14:42:48.541   Dest filename: C:\Users\aaaha\AppData\Local\ClassInEDBMVP\installer-smoke\1.3.1-direct\_internal\numpy\random\_bounded_integers.cp312-win_amd64.pyd
2026-07-27 14:42:48.541   Time stamp of our file: 2026-07-27 14:40:18.000
2026-07-27 14:42:48.542   Installing the file.
2026-07-27 14:42:48.556   Successfully installed the file.
2026-07-27 14:42:48.556   -- File entry --
2026-07-27 14:42:48.557   Dest filename: C:\Users\aaaha\AppData\Local\ClassInEDBMVP\installer-smoke\1.3.1-direct\_internal\numpy\random\_common.cp312-win_amd64.pyd
2026-07-27 14:42:48.557   Time stamp of our file: 2026-07-27 14:40:18.000
2026-07-27 14:42:48.557   Installing the file.
2026-07-27 14:42:48.561   Successfully installed the file.
2026-07-27 14:42:48.561   -- File entry --
2026-07-27 14:42:48.562   Dest filename: C:\Users\aaaha\AppData\Local\ClassInEDBMVP\installer-smoke\1.3.1-direct\_internal\numpy\random\_generator.cp312-win_amd64.pyd
2026-07-27 14:42:48.562   Time stamp of our file: 2026-07-27 14:40:18.000
2026-07-27 14:42:48.562   Installing the file.
2026-07-27 14:42:48.574   Successfully installed the file.
2026-07-27 14:42:48.574   -- File entry --
2026-07-27 14:42:48.574   Dest filename: C:\Users\aaaha\AppData\Local\ClassInEDBMVP\installer-smoke\1.3.1-direct\_internal\numpy\random\_mt19937.cp312-win_amd64.pyd
2026-07-27 14:42:48.574   Time stamp of our file: 2026-07-27 14:40:18.000
2026-07-27 14:42:48.574   Installing the file.
2026-07-27 14:42:48.576   Successfully installed the file.
2026-07-27 14:42:48.576   -- File entry --
2026-07-27 14:42:48.576   Dest filename: C:\Users\aaaha\AppData\Local\ClassInEDBMVP\installer-smoke\1.3.1-direct\_internal\numpy\random\_pcg64.cp312-win_amd64.pyd
2026-07-27 14:42:48.577   Time stamp of our file: 2026-07-27 14:40:18.000
2026-07-27 14:42:48.577   Installing the file.
2026-07-27 14:42:48.579   Successfully installed the file.
2026-07-27 14:42:48.579   -- File entry --
2026-07-27 14:42:48.579   Dest filename: C:\Users\aaaha\AppData\Local\ClassInEDBMVP\installer-smoke\1.3.1-direct\_internal\numpy\random\_philox.cp312-win_amd64.pyd
2026-07-27 14:42:48.579   Time stamp of our file: 2026-07-27 14:40:18.000
2026-07-27 14:42:48.579   Installing the file.
2026-07-27 14:42:48.582   Successfully installed the file.
2026-07-27 14:42:48.582   -- File entry --
2026-07-27 14:42:48.582   Dest filename: C:\Users\aaaha\AppData\Local\ClassInEDBMVP\installer-smoke\1.3.1-direct\_internal\numpy\random\_sfc64.cp312-win_amd64.pyd
2026-07-27 14:42:48.582   Time stamp of our file: 2026-07-27 14:40:18.000
2026-07-27 14:42:48.582   Installing the file.
2026-07-27 14:42:48.584   Successfully installed the file.
2026-07-27 14:42:48.584   -- File entry --
2026-07-27 14:42:48.584   Dest filename: C:\Users\aaaha\AppData\Local\ClassInEDBMVP\installer-smoke\1.3.1-direct\_internal\numpy\_core\_multiarray_tests.cp312-win_amd64.pyd
2026-07-27 14:42:48.584   Time stamp of our file: 2026-07-27 14:40:18.000
2026-07-27 14:42:48.584   Installing the file.
2026-07-27 14:42:48.584   Creating directory: C:\Users\aaaha\AppData\Local\ClassInEDBMVP\installer-smoke\1.3.1-direct\_internal\numpy\_core
2026-07-27 14:42:48.586   Successfully installed the file.
2026-07-27 14:42:48.586   -- File entry --
2026-07-27 14:42:48.586   Dest filename: C:\Users\aaaha\AppData\Local\ClassInEDBMVP\installer-smoke\1.3.1-direct\_internal\numpy\_core\_multiarray_umath.cp312-win_amd64.pyd
2026-07-27 14:42:48.586   Time stamp of our file: 2026-07-27 14:40:18.000
2026-07-27 14:42:48.586   Installing the file.
2026-07-27 14:42:48.653   Successfully installed the file.
2026-07-27 14:42:48.653   -- File entry --
2026-07-27 14:42:48.653   Dest filename: C:\Users\aaaha\AppData\Local\ClassInEDBMVP\installer-smoke\1.3.1-direct\_internal\numpy-2.4.6.dist-info\DELVEWHEEL
2026-07-27 14:42:48.654   Time stamp of our file: 2026-07-27 14:40:18.000
2026-07-27 14:42:48.654   Installing the file.
2026-07-27 14:42:48.654   Creating directory: C:\Users\aaaha\AppData\Local\ClassInEDBMVP\installer-smoke\1.3.1-direct\_internal\numpy-2.4.6.dist-info
2026-07-27 14:42:48.656   Successfully installed the file.
2026-07-27 14:42:48.656   -- File entry --
2026-07-27 14:42:48.656   Dest filename: C:\Users\aaaha\AppData\Local\ClassInEDBMVP\installer-smoke\1.3.1-direct\_internal\numpy-2.4.6.dist-info\entry_points.txt
2026-07-27 14:42:48.656   Time stamp of our file: 2026-07-27 14:40:18.000
2026-07-27 14:42:48.656   Installing the file.
2026-07-27 14:42:48.657   Successfully installed the file.
2026-07-27 14:42:48.657   -- File entry --
2026-07-27 14:42:48.657   Dest filename: C:\Users\aaaha\AppData\Local\ClassInEDBMVP\installer-smoke\1.3.1-direct\_internal\numpy-2.4.6.dist-info\INSTALLER
2026-07-27 14:42:48.657   Time stamp of our file: 2026-07-27 14:40:18.000
2026-07-27 14:42:48.657   Installing the file.
2026-07-27 14:42:48.658   Successfully installed the file.
2026-07-27 14:42:48.658   -- File entry --
2026-07-27 14:42:48.658   Dest filename: C:\Users\aaaha\AppData\Local\ClassInEDBMVP\installer-smoke\1.3.1-direct\_internal\numpy-2.4.6.dist-info\METADATA
2026-07-27 14:42:48.658   Time stamp of our file: 2026-07-27 14:40:18.000
2026-07-27 14:42:48.658   Installing the file.
2026-07-27 14:42:48.659   Successfully installed the file.
2026-07-27 14:42:48.659   -- File entry --
2026-07-27 14:42:48.659   Dest filename: C:\Users\aaaha\AppData\Local\ClassInEDBMVP\installer-smoke\1.3.1-direct\_internal\numpy-2.4.6.dist-info\RECORD
2026-07-27 14:42:48.659   Time stamp of our file: 2026-07-27 14:40:18.000
2026-07-27 14:42:48.659   Installing the file.
2026-07-27 14:42:48.663   Successfully installed the file.
2026-07-27 14:42:48.663   -- File entry --
2026-07-27 14:42:48.663   Dest filename: C:\Users\aaaha\AppData\Local\ClassInEDBMVP\installer-smoke\1.3.1-direct\_internal\numpy-2.4.6.dist-info\REQUESTED
2026-07-27 14:42:48.665   Time stamp of our file: 2026-07-27 14:40:18.000
2026-07-27 14:42:48.665   Installing the file.
2026-07-27 14:42:48.665   Successfully installed the file.
2026-07-27 14:42:48.665   -- File entry --
2026-07-27 14:42:48.665   Dest filename: C:\Users\aaaha\AppData\Local\ClassInEDBMVP\installer-smoke\1.3.1-direct\_internal\numpy-2.4.6.dist-info\WHEEL
2026-07-27 14:42:48.666   Time stamp of our file: 2026-07-27 14:40:18.000
2026-07-27 14:42:48.666   Installing the file.
2026-07-27 14:42:48.666   Successfully installed the file.
2026-07-27 14:42:48.666   -- File entry --
2026-07-27 14:42:48.666   Dest filename: C:\Users\aaaha\AppData\Local\ClassInEDBMVP\installer-smoke\1.3.1-direct\_internal\numpy-2.4.6.dist-info\licenses\LICENSE.txt
2026-07-27 14:42:48.666   Time stamp of our file: 2026-07-27 14:40:18.000
2026-07-27 14:42:48.666   Installing the file.
2026-07-27 14:42:48.666   Creating directory: C:\Users\aaaha\AppData\Local\ClassInEDBMVP\installer-smoke\1.3.1-direct\_internal\numpy-2.4.6.dist-info\licenses
2026-07-27 14:42:48.668   Successfully installed the file.
2026-07-27 14:42:48.668   -- File entry --
2026-07-27 14:42:48.668   Dest filename: C:\Users\aaaha\AppData\Local\ClassInEDBMVP\installer-smoke\1.3.1-direct\_internal\numpy-2.4.6.dist-info\licenses\numpy\fft\pocketfft\LICENSE.md
2026-07-27 14:42:48.668   Time stamp of our file: 2026-07-27 14:40:18.000
2026-07-27 14:42:48.668   Installing the file.
2026-07-27 14:42:48.669   Creating directory: C:\Users\aaaha\AppData\Local\ClassInEDBMVP\installer-smoke\1.3.1-direct\_internal\numpy-2.4.6.dist-info\licenses\numpy
2026-07-27 14:42:48.669   Creating directory: C:\Users\aaaha\AppData\Local\ClassInEDBMVP\installer-smoke\1.3.1-direct\_internal\numpy-2.4.6.dist-info\licenses\numpy\fft
2026-07-27 14:42:48.669   Creating directory: C:\Users\aaaha\AppData\Local\ClassInEDBMVP\installer-smoke\1.3.1-direct\_internal\numpy-2.4.6.dist-info\licenses\numpy\fft\pocketfft
2026-07-27 14:42:48.670   Successfully installed the file.
2026-07-27 14:42:48.670   -- File entry --
2026-07-27 14:42:48.670   Dest filename: C:\Users\aaaha\AppData\Local\ClassInEDBMVP\installer-smoke\1.3.1-direct\_internal\numpy-2.4.6.dist-info\licenses\numpy\linalg\lapack_lite\LICENSE.txt
2026-07-27 14:42:48.671   Time stamp of our file: 2026-07-27 14:40:18.000
2026-07-27 14:42:48.671   Installing the file.
2026-07-27 14:42:48.671   Creating directory: C:\Users\aaaha\AppData\Local\ClassInEDBMVP\installer-smoke\1.3.1-direct\_internal\numpy-2.4.6.dist-info\licenses\numpy\linalg
2026-07-27 14:42:48.671   Creating directory: C:\Users\aaaha\AppData\Local\ClassInEDBMVP\installer-smoke\1.3.1-direct\_internal\numpy-2.4.6.dist-info\licenses\numpy\linalg\lapack_lite
2026-07-27 14:42:48.672   Successfully installed the file.
2026-07-27 14:42:48.672   -- File entry --
2026-07-27 14:42:48.672   Dest filename: C:\Users\aaaha\AppData\Local\ClassInEDBMVP\installer-smoke\1.3.1-direct\_internal\numpy-2.4.6.dist-info\licenses\numpy\ma\LICENSE
2026-07-27 14:42:48.672   Time stamp of our file: 2026-07-27 14:40:18.000
2026-07-27 14:42:48.672   Installing the file.
2026-07-27 14:42:48.672   Creating directory: C:\Users\aaaha\AppData\Local\ClassInEDBMVP\installer-smoke\1.3.1-direct\_internal\numpy-2.4.6.dist-info\licenses\numpy\ma
2026-07-27 14:42:48.673   Successfully installed the file.
2026-07-27 14:42:48.673   -- File entry --
2026-07-27 14:42:48.673   Dest filename: C:\Users\aaaha\AppData\Local\ClassInEDBMVP\installer-smoke\1.3.1-direct\_internal\numpy-2.4.6.dist-info\licenses\numpy\random\LICENSE.md
2026-07-27 14:42:48.673   Time stamp of our file: 2026-07-27 14:40:18.000
2026-07-27 14:42:48.673   Installing the file.
2026-07-27 14:42:48.673   Creating directory: C:\Users\aaaha\AppData\Local\ClassInEDBMVP\installer-smoke\1.3.1-direct\_internal\numpy-2.4.6.dist-info\licenses\numpy\random
2026-07-27 14:42:48.674   Successfully installed the file.
2026-07-27 14:42:48.674   -- File entry --
2026-07-27 14:42:48.674   Dest filename: C:\Users\aaaha\AppData\Local\ClassInEDBMVP\installer-smoke\1.3.1-direct\_internal\numpy-2.4.6.dist-info\licenses\numpy\random\src\distributions\LICENSE.md
2026-07-27 14:42:48.674   Time stamp of our file: 2026-07-27 14:40:18.000
2026-07-27 14:42:48.674   Installing the file.
2026-07-27 14:42:48.674   Creating directory: C:\Users\aaaha\AppData\Local\ClassInEDBMVP\installer-smoke\1.3.1-direct\_internal\numpy-2.4.6.dist-info\licenses\numpy\random\src
2026-07-27 14:42:48.674   Creating directory: C:\Users\aaaha\AppData\Local\ClassInEDBMVP\installer-smoke\1.3.1-direct\_internal\numpy-2.4.6.dist-info\licenses\numpy\random\src\distributions
2026-07-27 14:42:48.677   Successfully installed the file.
2026-07-27 14:42:48.677   -- File entry --
2026-07-27 14:42:48.677   Dest filename: C:\Users\aaaha\AppData\Local\ClassInEDBMVP\installer-smoke\1.3.1-direct\_internal\numpy-2.4.6.dist-info\licenses\numpy\random\src\mt19937\LICENSE.md
2026-07-27 14:42:48.677   Time stamp of our file: 2026-07-27 14:40:18.000
2026-07-27 14:42:48.677   Installing the file.
2026-07-27 14:42:48.677   Creating directory: C:\Users\aaaha\AppData\Local\ClassInEDBMVP\installer-smoke\1.3.1-direct\_internal\numpy-2.4.6.dist-info\licenses\numpy\random\src\mt19937
2026-07-27 14:42:48.678   Successfully installed the file.
2026-07-27 14:42:48.678   -- File entry --
2026-07-27 14:42:48.678   Dest filename: C:\Users\aaaha\AppData\Local\ClassInEDBMVP\installer-smoke\1.3.1-direct\_internal\numpy-2.4.6.dist-info\licenses\numpy\random\src\pcg64\LICENSE.md
2026-07-27 14:42:48.679   Time stamp of our file: 2026-07-27 14:40:18.000
2026-07-27 14:42:48.679   Installing the file.
2026-07-27 14:42:48.679   Creating directory: C:\Users\aaaha\AppData\Local\ClassInEDBMVP\installer-smoke\1.3.1-direct\_internal\numpy-2.4.6.dist-info\licenses\numpy\random\src\pcg64
2026-07-27 14:42:48.680   Successfully installed the file.
2026-07-27 14:42:48.680   -- File entry --
2026-07-27 14:42:48.680   Dest filename: C:\Users\aaaha\AppData\Local\ClassInEDBMVP\installer-smoke\1.3.1-direct\_internal\numpy-2.4.6.dist-info\licenses\numpy\random\src\philox\LICENSE.md
2026-07-27 14:42:48.680   Time stamp of our file: 2026-07-27 14:40:18.000
2026-07-27 14:42:48.680   Installing the file.
2026-07-27 14:42:48.680   Creating directory: C:\Users\aaaha\AppData\Local\ClassInEDBMVP\installer-smoke\1.3.1-direct\_internal\numpy-2.4.6.dist-info\licenses\numpy\random\src\philox
2026-07-27 14:42:48.683   Successfully installed the file.
2026-07-27 14:42:48.683   -- File entry --
2026-07-27 14:42:48.683   Dest filename: C:\Users\aaaha\AppData\Local\ClassInEDBMVP\installer-smoke\1.3.1-direct\_internal\numpy-2.4.6.dist-info\licenses\numpy\random\src\sfc64\LICENSE.md
2026-07-27 14:42:48.684   Time stamp of our file: 2026-07-27 14:40:18.000
2026-07-27 14:42:48.684   Installing the file.
2026-07-27 14:42:48.684   Creating directory: C:\Users\aaaha\AppData\Local\ClassInEDBMVP\installer-smoke\1.3.1-direct\_internal\numpy-2.4.6.dist-info\licenses\numpy\random\src\sfc64
2026-07-27 14:42:48.685   Successfully installed the file.
2026-07-27 14:42:48.685   -- File entry --
2026-07-27 14:42:48.685   Dest filename: C:\Users\aaaha\AppData\Local\ClassInEDBMVP\installer-smoke\1.3.1-direct\_internal\numpy-2.4.6.dist-info\licenses\numpy\random\src\splitmix64\LICENSE.md
2026-07-27 14:42:48.685   Time stamp of our file: 2026-07-27 14:40:18.000
2026-07-27 14:42:48.685   Installing the file.
2026-07-27 14:42:48.685   Creating directory: C:\Users\aaaha\AppData\Local\ClassInEDBMVP\installer-smoke\1.3.1-direct\_internal\numpy-2.4.6.dist-info\licenses\numpy\random\src\splitmix64
2026-07-27 14:42:48.687   Successfully installed the file.
2026-07-27 14:42:48.687   -- File entry --
2026-07-27 14:42:48.687   Dest filename: C:\Users\aaaha\AppData\Local\ClassInEDBMVP\installer-smoke\1.3.1-direct\_internal\numpy-2.4.6.dist-info\licenses\numpy\_core\include\numpy\libdivide\LICENSE.txt
2026-07-27 14:42:48.687   Time stamp of our file: 2026-07-27 14:40:18.000
2026-07-27 14:42:48.687   Installing the file.
2026-07-27 14:42:48.687   Creating directory: C:\Users\aaaha\AppData\Local\ClassInEDBMVP\installer-smoke\1.3.1-direct\_internal\numpy-2.4.6.dist-info\licenses\numpy\_core
2026-07-27 14:42:48.687   Creating directory: C:\Users\aaaha\AppData\Local\ClassInEDBMVP\installer-smoke\1.3.1-direct\_internal\numpy-2.4.6.dist-info\licenses\numpy\_core\include
2026-07-27 14:42:48.687   Creating directory: C:\Users\aaaha\AppData\Local\ClassInEDBMVP\installer-smoke\1.3.1-direct\_internal\numpy-2.4.6.dist-info\licenses\numpy\_core\include\numpy
2026-07-27 14:42:48.688   Creating directory: C:\Users\aaaha\AppData\Local\ClassInEDBMVP\installer-smoke\1.3.1-direct\_internal\numpy-2.4.6.dist-info\licenses\numpy\_core\include\numpy\libdivide
2026-07-27 14:42:48.689   Successfully installed the file.
2026-07-27 14:42:48.689   -- File entry --
2026-07-27 14:42:48.689   Dest filename: C:\Users\aaaha\AppData\Local\ClassInEDBMVP\installer-smoke\1.3.1-direct\_internal\numpy-2.4.6.dist-info\licenses\numpy\_core\src\common\pythoncapi-compat\COPYING
2026-07-27 14:42:48.689   Time stamp of our file: 2026-07-27 14:40:18.000
2026-07-27 14:42:48.689   Installing the file.
2026-07-27 14:42:48.689   Creating directory: C:\Users\aaaha\AppData\Local\ClassInEDBMVP\installer-smoke\1.3.1-direct\_internal\numpy-2.4.6.dist-info\licenses\numpy\_core\src
2026-07-27 14:42:48.689   Creating directory: C:\Users\aaaha\AppData\Local\ClassInEDBMVP\installer-smoke\1.3.1-direct\_internal\numpy-2.4.6.dist-info\licenses\numpy\_core\src\common
2026-07-27 14:42:48.689   Creating directory: C:\Users\aaaha\AppData\Local\ClassInEDBMVP\installer-smoke\1.3.1-direct\_internal\numpy-2.4.6.dist-info\licenses\numpy\_core\src\common\pythoncapi-compat
2026-07-27 14:42:48.691   Successfully installed the file.
2026-07-27 14:42:48.691   -- File entry --
2026-07-27 14:42:48.691   Dest filename: C:\Users\aaaha\AppData\Local\ClassInEDBMVP\installer-smoke\1.3.1-direct\_internal\numpy-2.4.6.dist-info\licenses\numpy\_core\src\highway\LICENSE
2026-07-27 14:42:48.691   Time stamp of our file: 2026-07-27 14:40:18.000
2026-07-27 14:42:48.691   Installing the file.
2026-07-27 14:42:48.691   Creating directory: C:\Users\aaaha\AppData\Local\ClassInEDBMVP\installer-smoke\1.3.1-direct\_internal\numpy-2.4.6.dist-info\licenses\numpy\_core\src\highway
2026-07-27 14:42:48.692   Successfully installed the file.
2026-07-27 14:42:48.692   -- File entry --
2026-07-27 14:42:48.693   Dest filename: C:\Users\aaaha\AppData\Local\ClassInEDBMVP\installer-smoke\1.3.1-direct\_internal\numpy-2.4.6.dist-info\licenses\numpy\_core\src\multiarray\dragon4_LICENSE.txt
2026-07-27 14:42:48.693   Time stamp of our file: 2026-07-27 14:40:18.000
2026-07-27 14:42:48.693   Installing the file.
2026-07-27 14:42:48.693   Creating directory: C:\Users\aaaha\AppData\Local\ClassInEDBMVP\installer-smoke\1.3.1-direct\_internal\numpy-2.4.6.dist-info\licenses\numpy\_core\src\multiarray
2026-07-27 14:42:48.694   Successfully installed the file.
2026-07-27 14:42:48.694   -- File entry --
2026-07-27 14:42:48.694   Dest filename: C:\Users\aaaha\AppData\Local\ClassInEDBMVP\installer-smoke\1.3.1-direct\_internal\numpy-2.4.6.dist-info\licenses\numpy\_core\src\npysort\x86-simd-sort\LICENSE.md
2026-07-27 14:42:48.694   Time stamp of our file: 2026-07-27 14:40:18.000
2026-07-27 14:42:48.694   Installing the file.
2026-07-27 14:42:48.694   Creating directory: C:\Users\aaaha\AppData\Local\ClassInEDBMVP\installer-smoke\1.3.1-direct\_internal\numpy-2.4.6.dist-info\licenses\numpy\_core\src\npysort
2026-07-27 14:42:48.697   Creating directory: C:\Users\aaaha\AppData\Local\ClassInEDBMVP\installer-smoke\1.3.1-direct\_internal\numpy-2.4.6.dist-info\licenses\numpy\_core\src\npysort\x86-simd-sort
2026-07-27 14:42:48.698   Successfully installed the file.
2026-07-27 14:42:48.698   -- File entry --
2026-07-27 14:42:48.698   Dest filename: C:\Users\aaaha\AppData\Local\ClassInEDBMVP\installer-smoke\1.3.1-direct\_internal\numpy-2.4.6.dist-info\licenses\numpy\_core\src\umath\svml\LICENSE
2026-07-27 14:42:48.698   Time stamp of our file: 2026-07-27 14:40:18.000
2026-07-27 14:42:48.698   Installing the file.
2026-07-27 14:42:48.698   Creating directory: C:\Users\aaaha\AppData\Local\ClassInEDBMVP\installer-smoke\1.3.1-direct\_internal\numpy-2.4.6.dist-info\licenses\numpy\_core\src\umath
2026-07-27 14:42:48.699   Creating directory: C:\Users\aaaha\AppData\Local\ClassInEDBMVP\installer-smoke\1.3.1-direct\_internal\numpy-2.4.6.dist-info\licenses\numpy\_core\src\umath\svml
2026-07-27 14:42:48.700   Successfully installed the file.
2026-07-27 14:42:48.700   -- File entry --
2026-07-27 14:42:48.700   Dest filename: C:\Users\aaaha\AppData\Local\ClassInEDBMVP\installer-smoke\1.3.1-direct\_internal\numpy.libs\libscipy_openblas64_-63c857e738469261263c764a36be9436.dll
2026-07-27 14:42:48.700   Time stamp of our file: 2026-07-27 14:40:18.000
2026-07-27 14:42:48.700   Installing the file.
2026-07-27 14:42:48.700   Creating directory: C:\Users\aaaha\AppData\Local\ClassInEDBMVP\installer-smoke\1.3.1-direct\_internal\numpy.libs
2026-07-27 14:42:48.996   Successfully installed the file.
2026-07-27 14:42:48.996   -- File entry --
2026-07-27 14:42:48.996   Dest filename: C:\Users\aaaha\AppData\Local\ClassInEDBMVP\installer-smoke\1.3.1-direct\_internal\numpy.libs\msvcp140-a4c2229bdc2a2a630acdc095b4d86008.dll
2026-07-27 14:42:48.997   Time stamp of our file: 2026-07-27 14:40:18.000
2026-07-27 14:42:48.997   Installing the file.
2026-07-27 14:42:49.016   Successfully installed the file.
2026-07-27 14:42:49.016   -- File entry --
2026-07-27 14:42:49.016   Dest filename: C:\Users\aaaha\AppData\Local\ClassInEDBMVP\installer-smoke\1.3.1-direct\_internal\PIL\_avif.cp312-win_amd64.pyd
2026-07-27 14:42:49.016   Time stamp of our file: 2026-07-27 14:40:18.000
2026-07-27 14:42:49.016   Installing the file.
2026-07-27 14:42:49.016   Creating directory: C:\Users\aaaha\AppData\Local\ClassInEDBMVP\installer-smoke\1.3.1-direct\_internal\PIL
2026-07-27 14:42:49.133   Successfully installed the file.
2026-07-27 14:42:49.133   -- File entry --
2026-07-27 14:42:49.133   Dest filename: C:\Users\aaaha\AppData\Local\ClassInEDBMVP\installer-smoke\1.3.1-direct\_internal\PIL\_imaging.cp312-win_amd64.pyd
2026-07-27 14:42:49.134   Time stamp of our file: 2026-07-27 14:40:18.000
2026-07-27 14:42:49.134   Installing the file.
2026-07-27 14:42:49.185   Successfully installed the file.
2026-07-27 14:42:49.185   -- File entry --
2026-07-27 14:42:49.185   Dest filename: C:\Users\aaaha\AppData\Local\ClassInEDBMVP\installer-smoke\1.3.1-direct\_internal\PIL\_imagingcms.cp312-win_amd64.pyd
2026-07-27 14:42:49.185   Time stamp of our file: 2026-07-27 14:40:18.000
2026-07-27 14:42:49.185   Installing the file.
2026-07-27 14:42:49.191   Successfully installed the file.
2026-07-27 14:42:49.191   -- File entry --
2026-07-27 14:42:49.191   Dest filename: C:\Users\aaaha\AppData\Local\ClassInEDBMVP\installer-smoke\1.3.1-direct\_internal\PIL\_imagingft.cp312-win_amd64.pyd
2026-07-27 14:42:49.192   Time stamp of our file: 2026-07-27 14:40:18.000
2026-07-27 14:42:49.192   Installing the file.
2026-07-27 14:42:49.235   Successfully installed the file.
2026-07-27 14:42:49.235   -- File entry --
2026-07-27 14:42:49.235   Dest filename: C:\Users\aaaha\AppData\Local\ClassInEDBMVP\installer-smoke\1.3.1-direct\_internal\PIL\_imagingmath.cp312-win_amd64.pyd
2026-07-27 14:42:49.235   Time stamp of our file: 2026-07-27 14:40:18.000
2026-07-27 14:42:49.235   Installing the file.
2026-07-27 14:42:49.237   Successfully installed the file.
2026-07-27 14:42:49.237   -- File entry --
2026-07-27 14:42:49.237   Dest filename: C:\Users\aaaha\AppData\Local\ClassInEDBMVP\installer-smoke\1.3.1-direct\_internal\PIL\_imagingtk.cp312-win_amd64.pyd
2026-07-27 14:42:49.237   Time stamp of our file: 2026-07-27 14:40:18.000
2026-07-27 14:42:49.237   Installing the file.
2026-07-27 14:42:49.238   Successfully installed the file.
2026-07-27 14:42:49.238   -- File entry --
2026-07-27 14:42:49.238   Dest filename: C:\Users\aaaha\AppData\Local\ClassInEDBMVP\installer-smoke\1.3.1-direct\_internal\PIL\_webp.cp312-win_amd64.pyd
2026-07-27 14:42:49.238   Time stamp of our file: 2026-07-27 14:40:18.000
2026-07-27 14:42:49.238   Installing the file.
2026-07-27 14:42:49.243   Successfully installed the file.
2026-07-27 14:42:49.243   -- File entry --
2026-07-27 14:42:49.244   Dest filename: C:\Users\aaaha\AppData\Local\ClassInEDBMVP\installer-smoke\1.3.1-direct\_internal\pymupdf\mupdfcpp64.dll
2026-07-27 14:42:49.244   Time stamp of our file: 2026-07-27 14:40:18.000
2026-07-27 14:42:49.244   Installing the file.
2026-07-27 14:42:49.244   Creating directory: C:\Users\aaaha\AppData\Local\ClassInEDBMVP\installer-smoke\1.3.1-direct\_internal\pymupdf
2026-07-27 14:42:49.964   Successfully installed the file.
2026-07-27 14:42:49.964   -- File entry --
2026-07-27 14:42:49.964   Dest filename: C:\Users\aaaha\AppData\Local\ClassInEDBMVP\installer-smoke\1.3.1-direct\_internal\pymupdf\_extra.pyd
2026-07-27 14:42:49.964   Time stamp of our file: 2026-07-27 14:40:18.000
2026-07-27 14:42:49.964   Installing the file.
2026-07-27 14:42:49.968   Successfully installed the file.
2026-07-27 14:42:49.968   -- File entry --
2026-07-27 14:42:49.968   Dest filename: C:\Users\aaaha\AppData\Local\ClassInEDBMVP\installer-smoke\1.3.1-direct\_internal\pymupdf\_mupdf.pyd
2026-07-27 14:42:49.969   Time stamp of our file: 2026-07-27 14:40:18.000
2026-07-27 14:42:49.969   Installing the file.
2026-07-27 14:42:50.118   Successfully installed the file.
2026-07-27 14:42:50.119   -- File entry --
2026-07-27 14:42:50.119   Dest filename: C:\Users\aaaha\AppData\Local\ClassInEDBMVP\installer-smoke\1.3.1-direct\_internal\release_metadata\.edb-release-metadata-output
2026-07-27 14:42:50.119   Time stamp of our file: 2026-07-27 14:40:18.000
2026-07-27 14:42:50.119   Installing the file.
2026-07-27 14:42:50.119   Creating directory: C:\Users\aaaha\AppData\Local\ClassInEDBMVP\installer-smoke\1.3.1-direct\_internal\release_metadata
2026-07-27 14:42:50.120   Successfully installed the file.
2026-07-27 14:42:50.120   -- File entry --
2026-07-27 14:42:50.120   Dest filename: C:\Users\aaaha\AppData\Local\ClassInEDBMVP\installer-smoke\1.3.1-direct\_internal\release_metadata\dependency-inventory.json
2026-07-27 14:42:50.121   Time stamp of our file: 2026-07-27 14:40:18.000
2026-07-27 14:42:50.121   Installing the file.
2026-07-27 14:42:50.122   Successfully installed the file.
2026-07-27 14:42:50.122   -- File entry --
2026-07-27 14:42:50.122   Dest filename: C:\Users\aaaha\AppData\Local\ClassInEDBMVP\installer-smoke\1.3.1-direct\_internal\release_metadata\metadata-manifest.json
2026-07-27 14:42:50.122   Time stamp of our file: 2026-07-27 14:40:18.000
2026-07-27 14:42:50.122   Installing the file.
2026-07-27 14:42:50.124   Successfully installed the file.
2026-07-27 14:42:50.124   -- File entry --
2026-07-27 14:42:50.124   Dest filename: C:\Users\aaaha\AppData\Local\ClassInEDBMVP\installer-smoke\1.3.1-direct\_internal\release_metadata\release-provenance.json
2026-07-27 14:42:50.124   Time stamp of our file: 2026-07-27 14:40:18.000
2026-07-27 14:42:50.124   Installing the file.
2026-07-27 14:42:50.126   Successfully installed the file.
2026-07-27 14:42:50.126   -- File entry --
2026-07-27 14:42:50.126   Dest filename: C:\Users\aaaha\AppData\Local\ClassInEDBMVP\installer-smoke\1.3.1-direct\_internal\release_metadata\sbom.spdx.json
2026-07-27 14:42:50.126   Time stamp of our file: 2026-07-27 14:40:18.000
2026-07-27 14:42:50.126   Installing the file.
2026-07-27 14:42:50.127   Successfully installed the file.
2026-07-27 14:42:50.127   -- File entry --
2026-07-27 14:42:50.127   Dest filename: C:\Users\aaaha\AppData\Local\ClassInEDBMVP\installer-smoke\1.3.1-direct\_internal\release_metadata\THIRD_PARTY_NOTICES.md
2026-07-27 14:42:50.127   Time stamp of our file: 2026-07-27 14:40:18.000
2026-07-27 14:42:50.127   Installing the file.
2026-07-27 14:42:50.128   Successfully installed the file.
2026-07-27 14:42:50.128   -- File entry --
2026-07-27 14:42:50.128   Dest filename: C:\Users\aaaha\AppData\Local\ClassInEDBMVP\installer-smoke\1.3.1-direct\_internal\release_metadata\license-files\altgraph\01-LICENSE
2026-07-27 14:42:50.129   Time stamp of our file: 2026-07-27 14:40:18.000
2026-07-27 14:42:50.129   Installing the file.
2026-07-27 14:42:50.129   Creating directory: C:\Users\aaaha\AppData\Local\ClassInEDBMVP\installer-smoke\1.3.1-direct\_internal\release_metadata\license-files
2026-07-27 14:42:50.129   Creating directory: C:\Users\aaaha\AppData\Local\ClassInEDBMVP\installer-smoke\1.3.1-direct\_internal\release_metadata\license-files\altgraph
2026-07-27 14:42:50.130   Successfully installed the file.
2026-07-27 14:42:50.130   -- File entry --
2026-07-27 14:42:50.130   Dest filename: C:\Users\aaaha\AppData\Local\ClassInEDBMVP\installer-smoke\1.3.1-direct\_internal\release_metadata\license-files\annotated-types\01-LICENSE
2026-07-27 14:42:50.130   Time stamp of our file: 2026-07-27 14:40:18.000
2026-07-27 14:42:50.130   Installing the file.
2026-07-27 14:42:50.130   Creating directory: C:\Users\aaaha\AppData\Local\ClassInEDBMVP\installer-smoke\1.3.1-direct\_internal\release_metadata\license-files\annotated-types
2026-07-27 14:42:50.131   Successfully installed the file.
2026-07-27 14:42:50.131   -- File entry --
2026-07-27 14:42:50.132   Dest filename: C:\Users\aaaha\AppData\Local\ClassInEDBMVP\installer-smoke\1.3.1-direct\_internal\release_metadata\license-files\cffi\01-LICENSE
2026-07-27 14:42:50.132   Time stamp of our file: 2026-07-27 14:40:18.000
2026-07-27 14:42:50.132   Installing the file.
2026-07-27 14:42:50.132   Creating directory: C:\Users\aaaha\AppData\Local\ClassInEDBMVP\installer-smoke\1.3.1-direct\_internal\release_metadata\license-files\cffi
2026-07-27 14:42:50.133   Successfully installed the file.
2026-07-27 14:42:50.133   -- File entry --
2026-07-27 14:42:50.133   Dest filename: C:\Users\aaaha\AppData\Local\ClassInEDBMVP\installer-smoke\1.3.1-direct\_internal\release_metadata\license-files\cryptography\01-LICENSE
2026-07-27 14:42:50.133   Time stamp of our file: 2026-07-27 14:40:18.000
2026-07-27 14:42:50.133   Installing the file.
2026-07-27 14:42:50.133   Creating directory: C:\Users\aaaha\AppData\Local\ClassInEDBMVP\installer-smoke\1.3.1-direct\_internal\release_metadata\license-files\cryptography
2026-07-27 14:42:50.134   Successfully installed the file.
2026-07-27 14:42:50.134   -- File entry --
2026-07-27 14:42:50.135   Dest filename: C:\Users\aaaha\AppData\Local\ClassInEDBMVP\installer-smoke\1.3.1-direct\_internal\release_metadata\license-files\cryptography\02-LICENSE.APACHE
2026-07-27 14:42:50.135   Time stamp of our file: 2026-07-27 14:40:18.000
2026-07-27 14:42:50.135   Installing the file.
2026-07-27 14:42:50.136   Successfully installed the file.
2026-07-27 14:42:50.136   -- File entry --
2026-07-27 14:42:50.136   Dest filename: C:\Users\aaaha\AppData\Local\ClassInEDBMVP\installer-smoke\1.3.1-direct\_internal\release_metadata\license-files\cryptography\03-LICENSE.BSD
2026-07-27 14:42:50.136   Time stamp of our file: 2026-07-27 14:40:18.000
2026-07-27 14:42:50.136   Installing the file.
2026-07-27 14:42:50.136   Successfully installed the file.
2026-07-27 14:42:50.136   -- File entry --
2026-07-27 14:42:50.137   Dest filename: C:\Users\aaaha\AppData\Local\ClassInEDBMVP\installer-smoke\1.3.1-direct\_internal\release_metadata\license-files\hwp-hwpx-parser\01-LICENSE
2026-07-27 14:42:50.137   Time stamp of our file: 2026-07-27 14:40:18.000
2026-07-27 14:42:50.137   Installing the file.
2026-07-27 14:42:50.137   Creating directory: C:\Users\aaaha\AppData\Local\ClassInEDBMVP\installer-smoke\1.3.1-direct\_internal\release_metadata\license-files\hwp-hwpx-parser
2026-07-27 14:42:50.138   Successfully installed the file.
2026-07-27 14:42:50.138   -- File entry --
2026-07-27 14:42:50.138   Dest filename: C:\Users\aaaha\AppData\Local\ClassInEDBMVP\installer-smoke\1.3.1-direct\_internal\release_metadata\license-files\lxml\01-LICENSE.txt
2026-07-27 14:42:50.138   Time stamp of our file: 2026-07-27 14:40:18.000
2026-07-27 14:42:50.138   Installing the file.
2026-07-27 14:42:50.138   Creating directory: C:\Users\aaaha\AppData\Local\ClassInEDBMVP\installer-smoke\1.3.1-direct\_internal\release_metadata\license-files\lxml
2026-07-27 14:42:50.139   Successfully installed the file.
2026-07-27 14:42:50.139   -- File entry --
2026-07-27 14:42:50.139   Dest filename: C:\Users\aaaha\AppData\Local\ClassInEDBMVP\installer-smoke\1.3.1-direct\_internal\release_metadata\license-files\numpy\01-LICENSE.txt
2026-07-27 14:42:50.139   Time stamp of our file: 2026-07-27 14:40:18.000
2026-07-27 14:42:50.139   Installing the file.
2026-07-27 14:42:50.139   Creating directory: C:\Users\aaaha\AppData\Local\ClassInEDBMVP\installer-smoke\1.3.1-direct\_internal\release_metadata\license-files\numpy
2026-07-27 14:42:50.141   Successfully installed the file.
2026-07-27 14:42:50.141   -- File entry --
2026-07-27 14:42:50.142   Dest filename: C:\Users\aaaha\AppData\Local\ClassInEDBMVP\installer-smoke\1.3.1-direct\_internal\release_metadata\license-files\numpy\02-LICENSE.txt
2026-07-27 14:42:50.142   Time stamp of our file: 2026-07-27 14:40:18.000
2026-07-27 14:42:50.142   Installing the file.
2026-07-27 14:42:50.143   Successfully installed the file.
2026-07-27 14:42:50.143   -- File entry --
2026-07-27 14:42:50.143   Dest filename: C:\Users\aaaha\AppData\Local\ClassInEDBMVP\installer-smoke\1.3.1-direct\_internal\release_metadata\license-files\numpy\03-COPYING
2026-07-27 14:42:50.143   Time stamp of our file: 2026-07-27 14:40:18.000
2026-07-27 14:42:50.143   Installing the file.
2026-07-27 14:42:50.144   Successfully installed the file.
2026-07-27 14:42:50.144   -- File entry --
2026-07-27 14:42:50.144   Dest filename: C:\Users\aaaha\AppData\Local\ClassInEDBMVP\installer-smoke\1.3.1-direct\_internal\release_metadata\license-files\numpy\04-LICENSE
2026-07-27 14:42:50.144   Time stamp of our file: 2026-07-27 14:40:18.000
2026-07-27 14:42:50.144   Installing the file.
2026-07-27 14:42:50.146   Successfully installed the file.
2026-07-27 14:42:50.146   -- File entry --
2026-07-27 14:42:50.146   Dest filename: C:\Users\aaaha\AppData\Local\ClassInEDBMVP\installer-smoke\1.3.1-direct\_internal\release_metadata\license-files\numpy\05-LICENSE.md
2026-07-27 14:42:50.146   Time stamp of our file: 2026-07-27 14:40:18.000
2026-07-27 14:42:50.146   Installing the file.
2026-07-27 14:42:50.147   Successfully installed the file.
2026-07-27 14:42:50.147   -- File entry --
2026-07-27 14:42:50.147   Dest filename: C:\Users\aaaha\AppData\Local\ClassInEDBMVP\installer-smoke\1.3.1-direct\_internal\release_metadata\license-files\numpy\06-LICENSE
2026-07-27 14:42:50.147   Time stamp of our file: 2026-07-27 14:40:18.000
2026-07-27 14:42:50.147   Installing the file.
2026-07-27 14:42:50.148   Successfully installed the file.
2026-07-27 14:42:50.148   -- File entry --
2026-07-27 14:42:50.148   Dest filename: C:\Users\aaaha\AppData\Local\ClassInEDBMVP\installer-smoke\1.3.1-direct\_internal\release_metadata\license-files\numpy\07-LICENSE.md
2026-07-27 14:42:50.148   Time stamp of our file: 2026-07-27 14:40:18.000
2026-07-27 14:42:50.148   Installing the file.
2026-07-27 14:42:50.149   Successfully installed the file.
2026-07-27 14:42:50.149   -- File entry --
2026-07-27 14:42:50.149   Dest filename: C:\Users\aaaha\AppData\Local\ClassInEDBMVP\installer-smoke\1.3.1-direct\_internal\release_metadata\license-files\numpy\08-LICENSE.txt
2026-07-27 14:42:50.149   Time stamp of our file: 2026-07-27 14:40:18.000
2026-07-27 14:42:50.149   Installing the file.
2026-07-27 14:42:50.151   Successfully installed the file.
2026-07-27 14:42:50.151   -- File entry --
2026-07-27 14:42:50.151   Dest filename: C:\Users\aaaha\AppData\Local\ClassInEDBMVP\installer-smoke\1.3.1-direct\_internal\release_metadata\license-files\numpy\09-LICENSE
2026-07-27 14:42:50.151   Time stamp of our file: 2026-07-27 14:40:18.000
2026-07-27 14:42:50.151   Installing the file.
2026-07-27 14:42:50.152   Successfully installed the file.
2026-07-27 14:42:50.152   -- File entry --
2026-07-27 14:42:50.152   Dest filename: C:\Users\aaaha\AppData\Local\ClassInEDBMVP\installer-smoke\1.3.1-direct\_internal\release_metadata\license-files\numpy\10-LICENSE.md
2026-07-27 14:42:50.152   Time stamp of our file: 2026-07-27 14:40:18.000
2026-07-27 14:42:50.152   Installing the file.
2026-07-27 14:42:50.153   Successfully installed the file.
2026-07-27 14:42:50.153   -- File entry --
2026-07-27 14:42:50.153   Dest filename: C:\Users\aaaha\AppData\Local\ClassInEDBMVP\installer-smoke\1.3.1-direct\_internal\release_metadata\license-files\numpy\11-LICENSE.md
2026-07-27 14:42:50.153   Time stamp of our file: 2026-07-27 14:40:18.000
2026-07-27 14:42:50.153   Installing the file.
2026-07-27 14:42:50.154   Successfully installed the file.
2026-07-27 14:42:50.154   -- File entry --
2026-07-27 14:42:50.154   Dest filename: C:\Users\aaaha\AppData\Local\ClassInEDBMVP\installer-smoke\1.3.1-direct\_internal\release_metadata\license-files\numpy\12-LICENSE.md
2026-07-27 14:42:50.155   Time stamp of our file: 2026-07-27 14:40:18.000
2026-07-27 14:42:50.155   Installing the file.
2026-07-27 14:42:50.155   Successfully installed the file.
2026-07-27 14:42:50.155   -- File entry --
2026-07-27 14:42:50.156   Dest filename: C:\Users\aaaha\AppData\Local\ClassInEDBMVP\installer-smoke\1.3.1-direct\_internal\release_metadata\license-files\numpy\13-LICENSE.md
2026-07-27 14:42:50.156   Time stamp of our file: 2026-07-27 14:40:18.000
2026-07-27 14:42:50.156   Installing the file.
2026-07-27 14:42:50.156   Successfully installed the file.
2026-07-27 14:42:50.156   -- File entry --
2026-07-27 14:42:50.156   Dest filename: C:\Users\aaaha\AppData\Local\ClassInEDBMVP\installer-smoke\1.3.1-direct\_internal\release_metadata\license-files\numpy\14-LICENSE.md
2026-07-27 14:42:50.156   Time stamp of our file: 2026-07-27 14:40:18.000
2026-07-27 14:42:50.156   Installing the file.
2026-07-27 14:42:50.157   Successfully installed the file.
2026-07-27 14:42:50.157   -- File entry --
2026-07-27 14:42:50.157   Dest filename: C:\Users\aaaha\AppData\Local\ClassInEDBMVP\installer-smoke\1.3.1-direct\_internal\release_metadata\license-files\numpy\15-LICENSE.md
2026-07-27 14:42:50.157   Time stamp of our file: 2026-07-27 14:40:18.000
2026-07-27 14:42:50.157   Installing the file.
2026-07-27 14:42:50.158   Successfully installed the file.
2026-07-27 14:42:50.158   -- File entry --
2026-07-27 14:42:50.158   Dest filename: C:\Users\aaaha\AppData\Local\ClassInEDBMVP\installer-smoke\1.3.1-direct\_internal\release_metadata\license-files\numpy\16-LICENSE.md
2026-07-27 14:42:50.158   Time stamp of our file: 2026-07-27 14:40:18.000
2026-07-27 14:42:50.158   Installing the file.
2026-07-27 14:42:50.159   Successfully installed the file.
2026-07-27 14:42:50.160   -- File entry --
2026-07-27 14:42:50.160   Dest filename: C:\Users\aaaha\AppData\Local\ClassInEDBMVP\installer-smoke\1.3.1-direct\_internal\release_metadata\license-files\numpy\17-LICENSE.txt
2026-07-27 14:42:50.160   Time stamp of our file: 2026-07-27 14:40:18.000
2026-07-27 14:42:50.160   Installing the file.
2026-07-27 14:42:50.161   Successfully installed the file.
2026-07-27 14:42:50.161   -- File entry --
2026-07-27 14:42:50.161   Dest filename: C:\Users\aaaha\AppData\Local\ClassInEDBMVP\installer-smoke\1.3.1-direct\_internal\release_metadata\license-files\numpy\18-LICENSE
2026-07-27 14:42:50.161   Time stamp of our file: 2026-07-27 14:40:18.000
2026-07-27 14:42:50.161   Installing the file.
2026-07-27 14:42:50.162   Successfully installed the file.
2026-07-27 14:42:50.163   -- File entry --
2026-07-27 14:42:50.163   Dest filename: C:\Users\aaaha\AppData\Local\ClassInEDBMVP\installer-smoke\1.3.1-direct\_internal\release_metadata\license-files\numpy\19-LICENSE.md
2026-07-27 14:42:50.163   Time stamp of our file: 2026-07-27 14:40:18.000
2026-07-27 14:42:50.163   Installing the file.
2026-07-27 14:42:50.164   Successfully installed the file.
2026-07-27 14:42:50.164   -- File entry --
2026-07-27 14:42:50.164   Dest filename: C:\Users\aaaha\AppData\Local\ClassInEDBMVP\installer-smoke\1.3.1-direct\_internal\release_metadata\license-files\olefile\01-LICENSE.txt
2026-07-27 14:42:50.164   Time stamp of our file: 2026-07-27 14:40:18.000
2026-07-27 14:42:50.164   Installing the file.
2026-07-27 14:42:50.164   Creating directory: C:\Users\aaaha\AppData\Local\ClassInEDBMVP\installer-smoke\1.3.1-direct\_internal\release_metadata\license-files\olefile
2026-07-27 14:42:50.166   Successfully installed the file.
2026-07-27 14:42:50.166   -- File entry --
2026-07-27 14:42:50.166   Dest filename: C:\Users\aaaha\AppData\Local\ClassInEDBMVP\installer-smoke\1.3.1-direct\_internal\release_metadata\license-files\olefile\02-License.html
2026-07-27 14:42:50.166   Time stamp of our file: 2026-07-27 14:40:18.000
2026-07-27 14:42:50.166   Installing the file.
2026-07-27 14:42:50.167   Successfully installed the file.
2026-07-27 14:42:50.167   -- File entry --
2026-07-27 14:42:50.167   Dest filename: C:\Users\aaaha\AppData\Local\ClassInEDBMVP\installer-smoke\1.3.1-direct\_internal\release_metadata\license-files\olefile\03-License.md
2026-07-27 14:42:50.167   Time stamp of our file: 2026-07-27 14:40:18.000
2026-07-27 14:42:50.167   Installing the file.
2026-07-27 14:42:50.168   Successfully installed the file.
2026-07-27 14:42:50.168   -- File entry --
2026-07-27 14:42:50.168   Dest filename: C:\Users\aaaha\AppData\Local\ClassInEDBMVP\installer-smoke\1.3.1-direct\_internal\release_metadata\license-files\olefile\04-LICENSE.txt
2026-07-27 14:42:50.168   Time stamp of our file: 2026-07-27 14:40:18.000
2026-07-27 14:42:50.168   Installing the file.
2026-07-27 14:42:50.169   Successfully installed the file.
2026-07-27 14:42:50.169   -- File entry --
2026-07-27 14:42:50.169   Dest filename: C:\Users\aaaha\AppData\Local\ClassInEDBMVP\installer-smoke\1.3.1-direct\_internal\release_metadata\license-files\opencv-python-headless\01-LICENSE-3RD-PARTY.txt
2026-07-27 14:42:50.170   Time stamp of our file: 2026-07-27 14:40:18.000
2026-07-27 14:42:50.170   Installing the file.
2026-07-27 14:42:50.170   Creating directory: C:\Users\aaaha\AppData\Local\ClassInEDBMVP\installer-smoke\1.3.1-direct\_internal\release_metadata\license-files\opencv-python-headless
2026-07-27 14:42:50.173   Successfully installed the file.
2026-07-27 14:42:50.173   -- File entry --
2026-07-27 14:42:50.173   Dest filename: C:\Users\aaaha\AppData\Local\ClassInEDBMVP\installer-smoke\1.3.1-direct\_internal\release_metadata\license-files\opencv-python-headless\02-LICENSE.txt
2026-07-27 14:42:50.173   Time stamp of our file: 2026-07-27 14:40:18.000
2026-07-27 14:42:50.173   Installing the file.
2026-07-27 14:42:50.174   Successfully installed the file.
2026-07-27 14:42:50.174   -- File entry --
2026-07-27 14:42:50.174   Dest filename: C:\Users\aaaha\AppData\Local\ClassInEDBMVP\installer-smoke\1.3.1-direct\_internal\release_metadata\license-files\opencv-python-headless\03-LICENSE-3RD-PARTY.txt
2026-07-27 14:42:50.174   Time stamp of our file: 2026-07-27 14:40:18.000
2026-07-27 14:42:50.174   Installing the file.
2026-07-27 14:42:50.176   Successfully installed the file.
2026-07-27 14:42:50.176   -- File entry --
2026-07-27 14:42:50.176   Dest filename: C:\Users\aaaha\AppData\Local\ClassInEDBMVP\installer-smoke\1.3.1-direct\_internal\release_metadata\license-files\opencv-python-headless\04-LICENSE.txt
2026-07-27 14:42:50.176   Time stamp of our file: 2026-07-27 14:40:18.000
2026-07-27 14:42:50.176   Installing the file.
2026-07-27 14:42:50.178   Successfully installed the file.
2026-07-27 14:42:50.178   -- File entry --
2026-07-27 14:42:50.178   Dest filename: C:\Users\aaaha\AppData\Local\ClassInEDBMVP\installer-smoke\1.3.1-direct\_internal\release_metadata\license-files\packaging\01-LICENSE
2026-07-27 14:42:50.178   Time stamp of our file: 2026-07-27 14:40:18.000
2026-07-27 14:42:50.178   Installing the file.
2026-07-27 14:42:50.178   Creating directory: C:\Users\aaaha\AppData\Local\ClassInEDBMVP\installer-smoke\1.3.1-direct\_internal\release_metadata\license-files\packaging
2026-07-27 14:42:50.179   Successfully installed the file.
2026-07-27 14:42:50.179   -- File entry --
2026-07-27 14:42:50.179   Dest filename: C:\Users\aaaha\AppData\Local\ClassInEDBMVP\installer-smoke\1.3.1-direct\_internal\release_metadata\license-files\packaging\02-LICENSE.APACHE
2026-07-27 14:42:50.179   Time stamp of our file: 2026-07-27 14:40:18.000
2026-07-27 14:42:50.179   Installing the file.
2026-07-27 14:42:50.180   Successfully installed the file.
2026-07-27 14:42:50.180   -- File entry --
2026-07-27 14:42:50.180   Dest filename: C:\Users\aaaha\AppData\Local\ClassInEDBMVP\installer-smoke\1.3.1-direct\_internal\release_metadata\license-files\packaging\03-LICENSE.BSD
2026-07-27 14:42:50.180   Time stamp of our file: 2026-07-27 14:40:18.000
2026-07-27 14:42:50.180   Installing the file.
2026-07-27 14:42:50.181   Successfully installed the file.
2026-07-27 14:42:50.181   -- File entry --
2026-07-27 14:42:50.181   Dest filename: C:\Users\aaaha\AppData\Local\ClassInEDBMVP\installer-smoke\1.3.1-direct\_internal\release_metadata\license-files\pefile\01-LICENSE
2026-07-27 14:42:50.181   Time stamp of our file: 2026-07-27 14:40:18.000
2026-07-27 14:42:50.181   Installing the file.
2026-07-27 14:42:50.181   Creating directory: C:\Users\aaaha\AppData\Local\ClassInEDBMVP\installer-smoke\1.3.1-direct\_internal\release_metadata\license-files\pefile
2026-07-27 14:42:50.182   Successfully installed the file.
2026-07-27 14:42:50.182   -- File entry --
2026-07-27 14:42:50.182   Dest filename: C:\Users\aaaha\AppData\Local\ClassInEDBMVP\installer-smoke\1.3.1-direct\_internal\release_metadata\license-files\pillow\01-LICENSE
2026-07-27 14:42:50.182   Time stamp of our file: 2026-07-27 14:40:18.000
2026-07-27 14:42:50.182   Installing the file.
2026-07-27 14:42:50.182   Creating directory: C:\Users\aaaha\AppData\Local\ClassInEDBMVP\installer-smoke\1.3.1-direct\_internal\release_metadata\license-files\pillow
2026-07-27 14:42:50.184   Successfully installed the file.
2026-07-27 14:42:50.184   -- File entry --
2026-07-27 14:42:50.184   Dest filename: C:\Users\aaaha\AppData\Local\ClassInEDBMVP\installer-smoke\1.3.1-direct\_internal\release_metadata\license-files\pip\01-LICENSE.txt
2026-07-27 14:42:50.184   Time stamp of our file: 2026-07-27 14:40:18.000
2026-07-27 14:42:50.184   Installing the file.
2026-07-27 14:42:50.184   Creating directory: C:\Users\aaaha\AppData\Local\ClassInEDBMVP\installer-smoke\1.3.1-direct\_internal\release_metadata\license-files\pip
2026-07-27 14:42:50.186   Successfully installed the file.
2026-07-27 14:42:50.186   -- File entry --
2026-07-27 14:42:50.186   Dest filename: C:\Users\aaaha\AppData\Local\ClassInEDBMVP\installer-smoke\1.3.1-direct\_internal\release_metadata\license-files\pip\02-LICENSE.txt
2026-07-27 14:42:50.186   Time stamp of our file: 2026-07-27 14:40:18.000
2026-07-27 14:42:50.186   Installing the file.
2026-07-27 14:42:50.187   Successfully installed the file.
2026-07-27 14:42:50.187   -- File entry --
2026-07-27 14:42:50.187   Dest filename: C:\Users\aaaha\AppData\Local\ClassInEDBMVP\installer-smoke\1.3.1-direct\_internal\release_metadata\license-files\pip\03-LICENSE
2026-07-27 14:42:50.187   Time stamp of our file: 2026-07-27 14:40:18.000
2026-07-27 14:42:50.187   Installing the file.
2026-07-27 14:42:50.188   Successfully installed the file.
2026-07-27 14:42:50.188   -- File entry --
2026-07-27 14:42:50.189   Dest filename: C:\Users\aaaha\AppData\Local\ClassInEDBMVP\installer-smoke\1.3.1-direct\_internal\release_metadata\license-files\pip\04-LICENSE.txt
2026-07-27 14:42:50.189   Time stamp of our file: 2026-07-27 14:40:18.000
2026-07-27 14:42:50.189   Installing the file.
2026-07-27 14:42:50.190   Successfully installed the file.
2026-07-27 14:42:50.190   -- File entry --
2026-07-27 14:42:50.190   Dest filename: C:\Users\aaaha\AppData\Local\ClassInEDBMVP\installer-smoke\1.3.1-direct\_internal\release_metadata\license-files\pip\05-LICENSE
2026-07-27 14:42:50.190   Time stamp of our file: 2026-07-27 14:40:18.000
2026-07-27 14:42:50.190   Installing the file.
2026-07-27 14:42:50.191   Successfully installed the file.
2026-07-27 14:42:50.191   -- File entry --
2026-07-27 14:42:50.191   Dest filename: C:\Users\aaaha\AppData\Local\ClassInEDBMVP\installer-smoke\1.3.1-direct\_internal\release_metadata\license-files\pip\06-LICENSE.md
2026-07-27 14:42:50.191   Time stamp of our file: 2026-07-27 14:40:18.000
2026-07-27 14:42:50.191   Installing the file.
2026-07-27 14:42:50.192   Successfully installed the file.
2026-07-27 14:42:50.192   -- File entry --
2026-07-27 14:42:50.192   Dest filename: C:\Users\aaaha\AppData\Local\ClassInEDBMVP\installer-smoke\1.3.1-direct\_internal\release_metadata\license-files\pip\07-COPYING
2026-07-27 14:42:50.192   Time stamp of our file: 2026-07-27 14:40:18.000
2026-07-27 14:42:50.192   Installing the file.
2026-07-27 14:42:50.193   Successfully installed the file.
2026-07-27 14:42:50.193   -- File entry --
2026-07-27 14:42:50.193   Dest filename: C:\Users\aaaha\AppData\Local\ClassInEDBMVP\installer-smoke\1.3.1-direct\_internal\release_metadata\license-files\pip\08-LICENSE
2026-07-27 14:42:50.193   Time stamp of our file: 2026-07-27 14:40:18.000
2026-07-27 14:42:50.193   Installing the file.
2026-07-27 14:42:50.194   Successfully installed the file.
2026-07-27 14:42:50.194   -- File entry --
2026-07-27 14:42:50.194   Dest filename: C:\Users\aaaha\AppData\Local\ClassInEDBMVP\installer-smoke\1.3.1-direct\_internal\release_metadata\license-files\pip\09-LICENSE.APACHE
2026-07-27 14:42:50.194   Time stamp of our file: 2026-07-27 14:40:18.000
2026-07-27 14:42:50.194   Installing the file.
2026-07-27 14:42:50.195   Successfully installed the file.
2026-07-27 14:42:50.195   -- File entry --
2026-07-27 14:42:50.195   Dest filename: C:\Users\aaaha\AppData\Local\ClassInEDBMVP\installer-smoke\1.3.1-direct\_internal\release_metadata\license-files\pip\10-LICENSE.BSD
2026-07-27 14:42:50.196   Time stamp of our file: 2026-07-27 14:40:18.000
2026-07-27 14:42:50.196   Installing the file.
2026-07-27 14:42:50.196   Successfully installed the file.
2026-07-27 14:42:50.196   -- File entry --
2026-07-27 14:42:50.196   Dest filename: C:\Users\aaaha\AppData\Local\ClassInEDBMVP\installer-smoke\1.3.1-direct\_internal\release_metadata\license-files\pip\11-LICENSE
2026-07-27 14:42:50.196   Time stamp of our file: 2026-07-27 14:40:18.000
2026-07-27 14:42:50.196   Installing the file.
2026-07-27 14:42:50.197   Successfully installed the file.
2026-07-27 14:42:50.197   -- File entry --
2026-07-27 14:42:50.197   Dest filename: C:\Users\aaaha\AppData\Local\ClassInEDBMVP\installer-smoke\1.3.1-direct\_internal\release_metadata\license-files\pip\12-LICENSE
2026-07-27 14:42:50.197   Time stamp of our file: 2026-07-27 14:40:18.000
2026-07-27 14:42:50.197   Installing the file.
2026-07-27 14:42:50.198   Successfully installed the file.
2026-07-27 14:42:50.198   -- File entry --
2026-07-27 14:42:50.198   Dest filename: C:\Users\aaaha\AppData\Local\ClassInEDBMVP\installer-smoke\1.3.1-direct\_internal\release_metadata\license-files\pip\13-LICENSE
2026-07-27 14:42:50.198   Time stamp of our file: 2026-07-27 14:40:18.000
2026-07-27 14:42:50.198   Installing the file.
2026-07-27 14:42:50.199   Successfully installed the file.
2026-07-27 14:42:50.199   -- File entry --
2026-07-27 14:42:50.199   Dest filename: C:\Users\aaaha\AppData\Local\ClassInEDBMVP\installer-smoke\1.3.1-direct\_internal\release_metadata\license-files\pip\14-LICENSE
2026-07-27 14:42:50.199   Time stamp of our file: 2026-07-27 14:40:18.000
2026-07-27 14:42:50.199   Installing the file.
2026-07-27 14:42:50.200   Successfully installed the file.
2026-07-27 14:42:50.200   -- File entry --
2026-07-27 14:42:50.200   Dest filename: C:\Users\aaaha\AppData\Local\ClassInEDBMVP\installer-smoke\1.3.1-direct\_internal\release_metadata\license-files\pip\15-LICENSE
2026-07-27 14:42:50.200   Time stamp of our file: 2026-07-27 14:40:18.000
2026-07-27 14:42:50.200   Installing the file.
2026-07-27 14:42:50.201   Successfully installed the file.
2026-07-27 14:42:50.201   -- File entry --
2026-07-27 14:42:50.201   Dest filename: C:\Users\aaaha\AppData\Local\ClassInEDBMVP\installer-smoke\1.3.1-direct\_internal\release_metadata\license-files\pip\16-LICENSE
2026-07-27 14:42:50.201   Time stamp of our file: 2026-07-27 14:40:18.000
2026-07-27 14:42:50.201   Installing the file.
2026-07-27 14:42:50.202   Successfully installed the file.
2026-07-27 14:42:50.202   -- File entry --
2026-07-27 14:42:50.202   Dest filename: C:\Users\aaaha\AppData\Local\ClassInEDBMVP\installer-smoke\1.3.1-direct\_internal\release_metadata\license-files\pip\17-LICENSE
2026-07-27 14:42:50.202   Time stamp of our file: 2026-07-27 14:40:18.000
2026-07-27 14:42:50.202   Installing the file.
2026-07-27 14:42:50.203   Successfully installed the file.
2026-07-27 14:42:50.203   -- File entry --
2026-07-27 14:42:50.203   Dest filename: C:\Users\aaaha\AppData\Local\ClassInEDBMVP\installer-smoke\1.3.1-direct\_internal\release_metadata\license-files\pip\18-LICENSE
2026-07-27 14:42:50.203   Time stamp of our file: 2026-07-27 14:40:18.000
2026-07-27 14:42:50.203   Installing the file.
2026-07-27 14:42:50.204   Successfully installed the file.
2026-07-27 14:42:50.204   -- File entry --
2026-07-27 14:42:50.204   Dest filename: C:\Users\aaaha\AppData\Local\ClassInEDBMVP\installer-smoke\1.3.1-direct\_internal\release_metadata\license-files\pip\19-LICENSE
2026-07-27 14:42:50.204   Time stamp of our file: 2026-07-27 14:40:18.000
2026-07-27 14:42:50.204   Installing the file.
2026-07-27 14:42:50.204   Successfully installed the file.
2026-07-27 14:42:50.204   -- File entry --
2026-07-27 14:42:50.204   Dest filename: C:\Users\aaaha\AppData\Local\ClassInEDBMVP\installer-smoke\1.3.1-direct\_internal\release_metadata\license-files\pip\20-LICENSE
2026-07-27 14:42:50.206   Time stamp of our file: 2026-07-27 14:40:18.000
2026-07-27 14:42:50.206   Installing the file.
2026-07-27 14:42:50.206   Successfully installed the file.
2026-07-27 14:42:50.206   -- File entry --
2026-07-27 14:42:50.206   Dest filename: C:\Users\aaaha\AppData\Local\ClassInEDBMVP\installer-smoke\1.3.1-direct\_internal\release_metadata\license-files\pip\21-LICENSE.txt
2026-07-27 14:42:50.206   Time stamp of our file: 2026-07-27 14:40:18.000
2026-07-27 14:42:50.206   Installing the file.
2026-07-27 14:42:50.207   Successfully installed the file.
2026-07-27 14:42:50.207   -- File entry --
2026-07-27 14:42:50.207   Dest filename: C:\Users\aaaha\AppData\Local\ClassInEDBMVP\installer-smoke\1.3.1-direct\_internal\release_metadata\license-files\pip\22-LICENSE.txt
2026-07-27 14:42:50.208   Time stamp of our file: 2026-07-27 14:40:18.000
2026-07-27 14:42:50.208   Installing the file.
2026-07-27 14:42:50.208   Successfully installed the file.
2026-07-27 14:42:50.208   -- File entry --
2026-07-27 14:42:50.208   Dest filename: C:\Users\aaaha\AppData\Local\ClassInEDBMVP\installer-smoke\1.3.1-direct\_internal\release_metadata\license-files\pip\23-LICENSE
2026-07-27 14:42:50.209   Time stamp of our file: 2026-07-27 14:40:18.000
2026-07-27 14:42:50.209   Installing the file.
2026-07-27 14:42:50.209   Successfully installed the file.
2026-07-27 14:42:50.210   -- File entry --
2026-07-27 14:42:50.210   Dest filename: C:\Users\aaaha\AppData\Local\ClassInEDBMVP\installer-smoke\1.3.1-direct\_internal\release_metadata\license-files\pip\24-LICENSE.txt
2026-07-27 14:42:50.210   Time stamp of our file: 2026-07-27 14:40:18.000
2026-07-27 14:42:50.210   Installing the file.
2026-07-27 14:42:50.211   Successfully installed the file.
2026-07-27 14:42:50.211   -- File entry --
2026-07-27 14:42:50.211   Dest filename: C:\Users\aaaha\AppData\Local\ClassInEDBMVP\installer-smoke\1.3.1-direct\_internal\release_metadata\license-files\pip\25-LICENSE
2026-07-27 14:42:50.211   Time stamp of our file: 2026-07-27 14:40:18.000
2026-07-27 14:42:50.211   Installing the file.
2026-07-27 14:42:50.212   Successfully installed the file.
2026-07-27 14:42:50.212   -- File entry --
2026-07-27 14:42:50.212   Dest filename: C:\Users\aaaha\AppData\Local\ClassInEDBMVP\installer-smoke\1.3.1-direct\_internal\release_metadata\license-files\pip\26-LICENSE.md
2026-07-27 14:42:50.212   Time stamp of our file: 2026-07-27 14:40:18.000
2026-07-27 14:42:50.212   Installing the file.
2026-07-27 14:42:50.213   Successfully installed the file.
2026-07-27 14:42:50.213   -- File entry --
2026-07-27 14:42:50.214   Dest filename: C:\Users\aaaha\AppData\Local\ClassInEDBMVP\installer-smoke\1.3.1-direct\_internal\release_metadata\license-files\pip\27-COPYING
2026-07-27 14:42:50.214   Time stamp of our file: 2026-07-27 14:40:18.000
2026-07-27 14:42:50.214   Installing the file.
2026-07-27 14:42:50.214   Successfully installed the file.
2026-07-27 14:42:50.214   -- File entry --
2026-07-27 14:42:50.215   Dest filename: C:\Users\aaaha\AppData\Local\ClassInEDBMVP\installer-smoke\1.3.1-direct\_internal\release_metadata\license-files\pip\28-LICENSE
2026-07-27 14:42:50.215   Time stamp of our file: 2026-07-27 14:40:18.000
2026-07-27 14:42:50.215   Installing the file.
2026-07-27 14:42:50.216   Successfully installed the file.
2026-07-27 14:42:50.216   -- File entry --
2026-07-27 14:42:50.216   Dest filename: C:\Users\aaaha\AppData\Local\ClassInEDBMVP\installer-smoke\1.3.1-direct\_internal\release_metadata\license-files\pip\29-LICENSE.APACHE
2026-07-27 14:42:50.216   Time stamp of our file: 2026-07-27 14:40:18.000
2026-07-27 14:42:50.216   Installing the file.
2026-07-27 14:42:50.217   Successfully installed the file.
2026-07-27 14:42:50.217   -- File entry --
2026-07-27 14:42:50.217   Dest filename: C:\Users\aaaha\AppData\Local\ClassInEDBMVP\installer-smoke\1.3.1-direct\_internal\release_metadata\license-files\pip\30-LICENSE.BSD
2026-07-27 14:42:50.217   Time stamp of our file: 2026-07-27 14:40:18.000
2026-07-27 14:42:50.217   Installing the file.
2026-07-27 14:42:50.218   Successfully installed the file.
2026-07-27 14:42:50.218   -- File entry --
2026-07-27 14:42:50.218   Dest filename: C:\Users\aaaha\AppData\Local\ClassInEDBMVP\installer-smoke\1.3.1-direct\_internal\release_metadata\license-files\pip\31-LICENSE
2026-07-27 14:42:50.218   Time stamp of our file: 2026-07-27 14:40:18.000
2026-07-27 14:42:50.218   Installing the file.
2026-07-27 14:42:50.219   Successfully installed the file.
2026-07-27 14:42:50.219   -- File entry --
2026-07-27 14:42:50.219   Dest filename: C:\Users\aaaha\AppData\Local\ClassInEDBMVP\installer-smoke\1.3.1-direct\_internal\release_metadata\license-files\pip\32-LICENSE
2026-07-27 14:42:50.220   Time stamp of our file: 2026-07-27 14:40:18.000
2026-07-27 14:42:50.220   Installing the file.
2026-07-27 14:42:50.220   Successfully installed the file.
2026-07-27 14:42:50.220   -- File entry --
2026-07-27 14:42:50.220   Dest filename: C:\Users\aaaha\AppData\Local\ClassInEDBMVP\installer-smoke\1.3.1-direct\_internal\release_metadata\license-files\pip\33-LICENSE
2026-07-27 14:42:50.221   Time stamp of our file: 2026-07-27 14:40:18.000
2026-07-27 14:42:50.221   Installing the file.
2026-07-27 14:42:50.221   Successfully installed the file.
2026-07-27 14:42:50.221   -- File entry --
2026-07-27 14:42:50.222   Dest filename: C:\Users\aaaha\AppData\Local\ClassInEDBMVP\installer-smoke\1.3.1-direct\_internal\release_metadata\license-files\pip\34-LICENSE
2026-07-27 14:42:50.222   Time stamp of our file: 2026-07-27 14:40:18.000
2026-07-27 14:42:50.222   Installing the file.
2026-07-27 14:42:50.222   Successfully installed the file.
2026-07-27 14:42:50.223   -- File entry --
2026-07-27 14:42:50.223   Dest filename: C:\Users\aaaha\AppData\Local\ClassInEDBMVP\installer-smoke\1.3.1-direct\_internal\release_metadata\license-files\pip\35-LICENSE
2026-07-27 14:42:50.223   Time stamp of our file: 2026-07-27 14:40:18.000
2026-07-27 14:42:50.223   Installing the file.
2026-07-27 14:42:50.224   Successfully installed the file.
2026-07-27 14:42:50.224   -- File entry --
2026-07-27 14:42:50.224   Dest filename: C:\Users\aaaha\AppData\Local\ClassInEDBMVP\installer-smoke\1.3.1-direct\_internal\release_metadata\license-files\pip\36-LICENSE
2026-07-27 14:42:50.224   Time stamp of our file: 2026-07-27 14:40:18.000
2026-07-27 14:42:50.224   Installing the file.
2026-07-27 14:42:50.226   Successfully installed the file.
2026-07-27 14:42:50.226   -- File entry --
2026-07-27 14:42:50.226   Dest filename: C:\Users\aaaha\AppData\Local\ClassInEDBMVP\installer-smoke\1.3.1-direct\_internal\release_metadata\license-files\pip\37-LICENSE
2026-07-27 14:42:50.226   Time stamp of our file: 2026-07-27 14:40:18.000
2026-07-27 14:42:50.226   Installing the file.
2026-07-27 14:42:50.227   Successfully installed the file.
2026-07-27 14:42:50.227   -- File entry --
2026-07-27 14:42:50.227   Dest filename: C:\Users\aaaha\AppData\Local\ClassInEDBMVP\installer-smoke\1.3.1-direct\_internal\release_metadata\license-files\pip\38-LICENSE
2026-07-27 14:42:50.227   Time stamp of our file: 2026-07-27 14:40:18.000
2026-07-27 14:42:50.227   Installing the file.
2026-07-27 14:42:50.228   Successfully installed the file.
2026-07-27 14:42:50.228   -- File entry --
2026-07-27 14:42:50.228   Dest filename: C:\Users\aaaha\AppData\Local\ClassInEDBMVP\installer-smoke\1.3.1-direct\_internal\release_metadata\license-files\pip\39-LICENSE
2026-07-27 14:42:50.228   Time stamp of our file: 2026-07-27 14:40:18.000
2026-07-27 14:42:50.228   Installing the file.
2026-07-27 14:42:50.229   Successfully installed the file.
2026-07-27 14:42:50.229   -- File entry --
2026-07-27 14:42:50.230   Dest filename: C:\Users\aaaha\AppData\Local\ClassInEDBMVP\installer-smoke\1.3.1-direct\_internal\release_metadata\license-files\pip\40-LICENSE
2026-07-27 14:42:50.230   Time stamp of our file: 2026-07-27 14:40:18.000
2026-07-27 14:42:50.230   Installing the file.
2026-07-27 14:42:50.231   Successfully installed the file.
2026-07-27 14:42:50.231   -- File entry --
2026-07-27 14:42:50.231   Dest filename: C:\Users\aaaha\AppData\Local\ClassInEDBMVP\installer-smoke\1.3.1-direct\_internal\release_metadata\license-files\pip\41-LICENSE.txt
2026-07-27 14:42:50.231   Time stamp of our file: 2026-07-27 14:40:18.000
2026-07-27 14:42:50.231   Installing the file.
2026-07-27 14:42:50.232   Successfully installed the file.
2026-07-27 14:42:50.232   -- File entry --
2026-07-27 14:42:50.232   Dest filename: C:\Users\aaaha\AppData\Local\ClassInEDBMVP\installer-smoke\1.3.1-direct\_internal\release_metadata\license-files\pycparser\01-LICENSE
2026-07-27 14:42:50.232   Time stamp of our file: 2026-07-27 14:40:18.000
2026-07-27 14:42:50.232   Installing the file.
2026-07-27 14:42:50.232   Creating directory: C:\Users\aaaha\AppData\Local\ClassInEDBMVP\installer-smoke\1.3.1-direct\_internal\release_metadata\license-files\pycparser
2026-07-27 14:42:50.233   Successfully installed the file.
2026-07-27 14:42:50.233   -- File entry --
2026-07-27 14:42:50.233   Dest filename: C:\Users\aaaha\AppData\Local\ClassInEDBMVP\installer-smoke\1.3.1-direct\_internal\release_metadata\license-files\pydantic\01-LICENSE
2026-07-27 14:42:50.233   Time stamp of our file: 2026-07-27 14:40:18.000
2026-07-27 14:42:50.233   Installing the file.
2026-07-27 14:42:50.233   Creating directory: C:\Users\aaaha\AppData\Local\ClassInEDBMVP\installer-smoke\1.3.1-direct\_internal\release_metadata\license-files\pydantic
2026-07-27 14:42:50.234   Successfully installed the file.
2026-07-27 14:42:50.234   -- File entry --
2026-07-27 14:42:50.234   Dest filename: C:\Users\aaaha\AppData\Local\ClassInEDBMVP\installer-smoke\1.3.1-direct\_internal\release_metadata\license-files\pydantic-core\01-LICENSE
2026-07-27 14:42:50.235   Time stamp of our file: 2026-07-27 14:40:18.000
2026-07-27 14:42:50.235   Installing the file.
2026-07-27 14:42:50.235   Creating directory: C:\Users\aaaha\AppData\Local\ClassInEDBMVP\installer-smoke\1.3.1-direct\_internal\release_metadata\license-files\pydantic-core
2026-07-27 14:42:50.236   Successfully installed the file.
2026-07-27 14:42:50.236   -- File entry --
2026-07-27 14:42:50.236   Dest filename: C:\Users\aaaha\AppData\Local\ClassInEDBMVP\installer-smoke\1.3.1-direct\_internal\release_metadata\license-files\pyhwp\01-COPYING
2026-07-27 14:42:50.236   Time stamp of our file: 2026-07-27 14:40:18.000
2026-07-27 14:42:50.236   Installing the file.
2026-07-27 14:42:50.236   Creating directory: C:\Users\aaaha\AppData\Local\ClassInEDBMVP\installer-smoke\1.3.1-direct\_internal\release_metadata\license-files\pyhwp
2026-07-27 14:42:50.239   Successfully installed the file.
2026-07-27 14:42:50.239   -- File entry --
2026-07-27 14:42:50.240   Dest filename: C:\Users\aaaha\AppData\Local\ClassInEDBMVP\installer-smoke\1.3.1-direct\_internal\release_metadata\license-files\pyhwp\02-COPYING
2026-07-27 14:42:50.240   Time stamp of our file: 2026-07-27 14:40:18.000
2026-07-27 14:42:50.240   Installing the file.
2026-07-27 14:42:50.241   Successfully installed the file.
2026-07-27 14:42:50.241   -- File entry --
2026-07-27 14:42:50.241   Dest filename: C:\Users\aaaha\AppData\Local\ClassInEDBMVP\installer-smoke\1.3.1-direct\_internal\release_metadata\license-files\pyhwp\03-LICENSE
2026-07-27 14:42:50.241   Time stamp of our file: 2026-07-27 14:40:18.000
2026-07-27 14:42:50.242   Installing the file.
2026-07-27 14:42:50.243   Successfully installed the file.
2026-07-27 14:42:50.244   -- File entry --
2026-07-27 14:42:50.244   Dest filename: C:\Users\aaaha\AppData\Local\ClassInEDBMVP\installer-smoke\1.3.1-direct\_internal\release_metadata\license-files\pyinstaller\01-COPYING.txt
2026-07-27 14:42:50.244   Time stamp of our file: 2026-07-27 14:40:18.000
2026-07-27 14:42:50.244   Installing the file.
2026-07-27 14:42:50.244   Creating directory: C:\Users\aaaha\AppData\Local\ClassInEDBMVP\installer-smoke\1.3.1-direct\_internal\release_metadata\license-files\pyinstaller
2026-07-27 14:42:50.245   Successfully installed the file.
2026-07-27 14:42:50.245   -- File entry --
2026-07-27 14:42:50.245   Dest filename: C:\Users\aaaha\AppData\Local\ClassInEDBMVP\installer-smoke\1.3.1-direct\_internal\release_metadata\license-files\pyinstaller-hooks-contrib\01-LICENSE
2026-07-27 14:42:50.245   Time stamp of our file: 2026-07-27 14:40:18.000
2026-07-27 14:42:50.246   Installing the file.
2026-07-27 14:42:50.246   Creating directory: C:\Users\aaaha\AppData\Local\ClassInEDBMVP\installer-smoke\1.3.1-direct\_internal\release_metadata\license-files\pyinstaller-hooks-contrib
2026-07-27 14:42:50.247   Successfully installed the file.
2026-07-27 14:42:50.247   -- File entry --
2026-07-27 14:42:50.247   Dest filename: C:\Users\aaaha\AppData\Local\ClassInEDBMVP\installer-smoke\1.3.1-direct\_internal\release_metadata\license-files\pymupdf\01-COPYING
2026-07-27 14:42:50.247   Time stamp of our file: 2026-07-27 14:40:18.000
2026-07-27 14:42:50.247   Installing the file.
2026-07-27 14:42:50.247   Creating directory: C:\Users\aaaha\AppData\Local\ClassInEDBMVP\installer-smoke\1.3.1-direct\_internal\release_metadata\license-files\pymupdf
2026-07-27 14:42:50.248   Successfully installed the file.
2026-07-27 14:42:50.248   -- File entry --
2026-07-27 14:42:50.248   Dest filename: C:\Users\aaaha\AppData\Local\ClassInEDBMVP\installer-smoke\1.3.1-direct\_internal\release_metadata\license-files\python-docx\01-LICENSE
2026-07-27 14:42:50.248   Time stamp of our file: 2026-07-27 14:40:18.000
2026-07-27 14:42:50.248   Installing the file.
2026-07-27 14:42:50.248   Creating directory: C:\Users\aaaha\AppData\Local\ClassInEDBMVP\installer-smoke\1.3.1-direct\_internal\release_metadata\license-files\python-docx
2026-07-27 14:42:50.249   Successfully installed the file.
2026-07-27 14:42:50.249   -- File entry --
2026-07-27 14:42:50.249   Dest filename: C:\Users\aaaha\AppData\Local\ClassInEDBMVP\installer-smoke\1.3.1-direct\_internal\release_metadata\license-files\pywin32-ctypes\01-LICENSE.txt
2026-07-27 14:42:50.250   Time stamp of our file: 2026-07-27 14:40:18.000
2026-07-27 14:42:50.250   Installing the file.
2026-07-27 14:42:50.250   Creating directory: C:\Users\aaaha\AppData\Local\ClassInEDBMVP\installer-smoke\1.3.1-direct\_internal\release_metadata\license-files\pywin32-ctypes
2026-07-27 14:42:50.251   Successfully installed the file.
2026-07-27 14:42:50.251   -- File entry --
2026-07-27 14:42:50.251   Dest filename: C:\Users\aaaha\AppData\Local\ClassInEDBMVP\installer-smoke\1.3.1-direct\_internal\release_metadata\license-files\rhwp-python\01-LICENSE
2026-07-27 14:42:50.251   Time stamp of our file: 2026-07-27 14:40:18.000
2026-07-27 14:42:50.251   Installing the file.
2026-07-27 14:42:50.251   Creating directory: C:\Users\aaaha\AppData\Local\ClassInEDBMVP\installer-smoke\1.3.1-direct\_internal\release_metadata\license-files\rhwp-python
2026-07-27 14:42:50.252   Successfully installed the file.
2026-07-27 14:42:50.252   -- File entry --
2026-07-27 14:42:50.252   Dest filename: C:\Users\aaaha\AppData\Local\ClassInEDBMVP\installer-smoke\1.3.1-direct\_internal\release_metadata\license-files\rhwp-python\02-LICENSE
2026-07-27 14:42:50.252   Time stamp of our file: 2026-07-27 14:40:18.000
2026-07-27 14:42:50.252   Installing the file.
2026-07-27 14:42:50.253   Successfully installed the file.
2026-07-27 14:42:50.253   -- File entry --
2026-07-27 14:42:50.253   Dest filename: C:\Users\aaaha\AppData\Local\ClassInEDBMVP\installer-smoke\1.3.1-direct\_internal\release_metadata\license-files\setuptools\01-LICENSE
2026-07-27 14:42:50.253   Time stamp of our file: 2026-07-27 14:40:18.000
2026-07-27 14:42:50.253   Installing the file.
2026-07-27 14:42:50.253   Creating directory: C:\Users\aaaha\AppData\Local\ClassInEDBMVP\installer-smoke\1.3.1-direct\_internal\release_metadata\license-files\setuptools
2026-07-27 14:42:50.254   Successfully installed the file.
2026-07-27 14:42:50.254   -- File entry --
2026-07-27 14:42:50.255   Dest filename: C:\Users\aaaha\AppData\Local\ClassInEDBMVP\installer-smoke\1.3.1-direct\_internal\release_metadata\license-files\setuptools\02-LICENSE
2026-07-27 14:42:50.255   Time stamp of our file: 2026-07-27 14:40:18.000
2026-07-27 14:42:50.255   Installing the file.
2026-07-27 14:42:50.256   Successfully installed the file.
2026-07-27 14:42:50.256   -- File entry --
2026-07-27 14:42:50.256   Dest filename: C:\Users\aaaha\AppData\Local\ClassInEDBMVP\installer-smoke\1.3.1-direct\_internal\release_metadata\license-files\setuptools\03-LICENSE
2026-07-27 14:42:50.256   Time stamp of our file: 2026-07-27 14:40:18.000
2026-07-27 14:42:50.256   Installing the file.
2026-07-27 14:42:50.257   Successfully installed the file.
2026-07-27 14:42:50.257   -- File entry --
2026-07-27 14:42:50.257   Dest filename: C:\Users\aaaha\AppData\Local\ClassInEDBMVP\installer-smoke\1.3.1-direct\_internal\release_metadata\license-files\setuptools\04-LICENSE
2026-07-27 14:42:50.257   Time stamp of our file: 2026-07-27 14:40:18.000
2026-07-27 14:42:50.257   Installing the file.
2026-07-27 14:42:50.258   Successfully installed the file.
2026-07-27 14:42:50.258   -- File entry --
2026-07-27 14:42:50.258   Dest filename: C:\Users\aaaha\AppData\Local\ClassInEDBMVP\installer-smoke\1.3.1-direct\_internal\release_metadata\license-files\setuptools\05-LICENSE
2026-07-27 14:42:50.258   Time stamp of our file: 2026-07-27 14:40:18.000
2026-07-27 14:42:50.258   Installing the file.
2026-07-27 14:42:50.259   Successfully installed the file.
2026-07-27 14:42:50.259   -- File entry --
2026-07-27 14:42:50.259   Dest filename: C:\Users\aaaha\AppData\Local\ClassInEDBMVP\installer-smoke\1.3.1-direct\_internal\release_metadata\license-files\setuptools\06-LICENSE
2026-07-27 14:42:50.259   Time stamp of our file: 2026-07-27 14:40:18.000
2026-07-27 14:42:50.259   Installing the file.
2026-07-27 14:42:50.260   Successfully installed the file.
2026-07-27 14:42:50.260   -- File entry --
2026-07-27 14:42:50.260   Dest filename: C:\Users\aaaha\AppData\Local\ClassInEDBMVP\installer-smoke\1.3.1-direct\_internal\release_metadata\license-files\setuptools\07-LICENSE
2026-07-27 14:42:50.260   Time stamp of our file: 2026-07-27 14:40:18.000
2026-07-27 14:42:50.260   Installing the file.
2026-07-27 14:42:50.261   Successfully installed the file.
2026-07-27 14:42:50.261   -- File entry --
2026-07-27 14:42:50.261   Dest filename: C:\Users\aaaha\AppData\Local\ClassInEDBMVP\installer-smoke\1.3.1-direct\_internal\release_metadata\license-files\setuptools\08-LICENSE
2026-07-27 14:42:50.261   Time stamp of our file: 2026-07-27 14:40:18.000
2026-07-27 14:42:50.261   Installing the file.
2026-07-27 14:42:50.262   Successfully installed the file.
2026-07-27 14:42:50.262   -- File entry --
2026-07-27 14:42:50.262   Dest filename: C:\Users\aaaha\AppData\Local\ClassInEDBMVP\installer-smoke\1.3.1-direct\_internal\release_metadata\license-files\setuptools\09-LICENSE
2026-07-27 14:42:50.262   Time stamp of our file: 2026-07-27 14:40:18.000
2026-07-27 14:42:50.262   Installing the file.
2026-07-27 14:42:50.263   Successfully installed the file.
2026-07-27 14:42:50.263   -- File entry --
2026-07-27 14:42:50.263   Dest filename: C:\Users\aaaha\AppData\Local\ClassInEDBMVP\installer-smoke\1.3.1-direct\_internal\release_metadata\license-files\setuptools\10-LICENSE.APACHE
2026-07-27 14:42:50.263   Time stamp of our file: 2026-07-27 14:40:18.000
2026-07-27 14:42:50.263   Installing the file.
2026-07-27 14:42:50.264   Successfully installed the file.
2026-07-27 14:42:50.264   -- File entry --
2026-07-27 14:42:50.264   Dest filename: C:\Users\aaaha\AppData\Local\ClassInEDBMVP\installer-smoke\1.3.1-direct\_internal\release_metadata\license-files\setuptools\11-LICENSE.BSD
2026-07-27 14:42:50.264   Time stamp of our file: 2026-07-27 14:40:18.000
2026-07-27 14:42:50.264   Installing the file.
2026-07-27 14:42:50.266   Successfully installed the file.
2026-07-27 14:42:50.266   -- File entry --
2026-07-27 14:42:50.266   Dest filename: C:\Users\aaaha\AppData\Local\ClassInEDBMVP\installer-smoke\1.3.1-direct\_internal\release_metadata\license-files\setuptools\12-LICENSE
2026-07-27 14:42:50.266   Time stamp of our file: 2026-07-27 14:40:18.000
2026-07-27 14:42:50.266   Installing the file.
2026-07-27 14:42:50.267   Successfully installed the file.
2026-07-27 14:42:50.267   -- File entry --
2026-07-27 14:42:50.267   Dest filename: C:\Users\aaaha\AppData\Local\ClassInEDBMVP\installer-smoke\1.3.1-direct\_internal\release_metadata\license-files\setuptools\13-LICENSE
2026-07-27 14:42:50.268   Time stamp of our file: 2026-07-27 14:40:18.000
2026-07-27 14:42:50.268   Installing the file.
2026-07-27 14:42:50.268   Successfully installed the file.
2026-07-27 14:42:50.269   -- File entry --
2026-07-27 14:42:50.269   Dest filename: C:\Users\aaaha\AppData\Local\ClassInEDBMVP\installer-smoke\1.3.1-direct\_internal\release_metadata\license-files\setuptools\14-LICENSE.txt
2026-07-27 14:42:50.269   Time stamp of our file: 2026-07-27 14:40:18.000
2026-07-27 14:42:50.269   Installing the file.
2026-07-27 14:42:50.270   Successfully installed the file.
2026-07-27 14:42:50.270   -- File entry --
2026-07-27 14:42:50.271   Dest filename: C:\Users\aaaha\AppData\Local\ClassInEDBMVP\installer-smoke\1.3.1-direct\_internal\release_metadata\license-files\setuptools\15-LICENSE
2026-07-27 14:42:50.271   Time stamp of our file: 2026-07-27 14:40:18.000
2026-07-27 14:42:50.271   Installing the file.
2026-07-27 14:42:50.272   Successfully installed the file.
2026-07-27 14:42:50.272   -- File entry --
2026-07-27 14:42:50.273   Dest filename: C:\Users\aaaha\AppData\Local\ClassInEDBMVP\installer-smoke\1.3.1-direct\_internal\release_metadata\license-files\setuptools\16-NOTICE
2026-07-27 14:42:50.273   Time stamp of our file: 2026-07-27 14:40:18.000
2026-07-27 14:42:50.273   Installing the file.
2026-07-27 14:42:50.274   Successfully installed the file.
2026-07-27 14:42:50.274   -- File entry --
2026-07-27 14:42:50.274   Dest filename: C:\Users\aaaha\AppData\Local\ClassInEDBMVP\installer-smoke\1.3.1-direct\_internal\release_metadata\license-files\setuptools\17-NOTICE
2026-07-27 14:42:50.274   Time stamp of our file: 2026-07-27 14:40:18.000
2026-07-27 14:42:50.274   Installing the file.
2026-07-27 14:42:50.275   Successfully installed the file.
2026-07-27 14:42:50.275   -- File entry --
2026-07-27 14:42:50.275   Dest filename: C:\Users\aaaha\AppData\Local\ClassInEDBMVP\installer-smoke\1.3.1-direct\_internal\release_metadata\license-files\six\01-LICENSE
2026-07-27 14:42:50.275   Time stamp of our file: 2026-07-27 14:40:18.000
2026-07-27 14:42:50.275   Installing the file.
2026-07-27 14:42:50.275   Creating directory: C:\Users\aaaha\AppData\Local\ClassInEDBMVP\installer-smoke\1.3.1-direct\_internal\release_metadata\license-files\six
2026-07-27 14:42:50.276   Successfully installed the file.
2026-07-27 14:42:50.276   -- File entry --
2026-07-27 14:42:50.276   Dest filename: C:\Users\aaaha\AppData\Local\ClassInEDBMVP\installer-smoke\1.3.1-direct\_internal\release_metadata\license-files\typing-extensions\01-LICENSE
2026-07-27 14:42:50.276   Time stamp of our file: 2026-07-27 14:40:18.000
2026-07-27 14:42:50.276   Installing the file.
2026-07-27 14:42:50.276   Creating directory: C:\Users\aaaha\AppData\Local\ClassInEDBMVP\installer-smoke\1.3.1-direct\_internal\release_metadata\license-files\typing-extensions
2026-07-27 14:42:50.278   Successfully installed the file.
2026-07-27 14:42:50.278   -- File entry --
2026-07-27 14:42:50.278   Dest filename: C:\Users\aaaha\AppData\Local\ClassInEDBMVP\installer-smoke\1.3.1-direct\_internal\release_metadata\license-files\typing-inspection\01-LICENSE
2026-07-27 14:42:50.278   Time stamp of our file: 2026-07-27 14:40:18.000
2026-07-27 14:42:50.278   Installing the file.
2026-07-27 14:42:50.278   Creating directory: C:\Users\aaaha\AppData\Local\ClassInEDBMVP\installer-smoke\1.3.1-direct\_internal\release_metadata\license-files\typing-inspection
2026-07-27 14:42:50.279   Successfully installed the file.
2026-07-27 14:42:50.279   -- File entry --
2026-07-27 14:42:50.279   Dest filename: C:\Users\aaaha\AppData\Local\ClassInEDBMVP\installer-smoke\1.3.1-direct\_internal\release_metadata\license-files\wheel\01-LICENSE.txt
2026-07-27 14:42:50.279   Time stamp of our file: 2026-07-27 14:40:18.000
2026-07-27 14:42:50.279   Installing the file.
2026-07-27 14:42:50.279   Creating directory: C:\Users\aaaha\AppData\Local\ClassInEDBMVP\installer-smoke\1.3.1-direct\_internal\release_metadata\license-files\wheel
2026-07-27 14:42:50.280   Successfully installed the file.
2026-07-27 14:42:50.280   -- File entry --
2026-07-27 14:42:50.280   Dest filename: C:\Users\aaaha\AppData\Local\ClassInEDBMVP\installer-smoke\1.3.1-direct\_internal\scripts\render_hwp_with_rhwp_core.mjs
2026-07-27 14:42:50.280   Time stamp of our file: 2026-07-27 14:40:18.000
2026-07-27 14:42:50.280   Installing the file.
2026-07-27 14:42:50.280   Creating directory: C:\Users\aaaha\AppData\Local\ClassInEDBMVP\installer-smoke\1.3.1-direct\_internal\scripts
2026-07-27 14:42:50.281   Successfully installed the file.
2026-07-27 14:42:50.281   -- File entry --
2026-07-27 14:42:50.281   Dest filename: C:\Users\aaaha\AppData\Local\ClassInEDBMVP\installer-smoke\1.3.1-direct\_internal\ui_prototype\app.bundle.js
2026-07-27 14:42:50.281   Time stamp of our file: 2026-07-27 14:40:18.000
2026-07-27 14:42:50.281   Installing the file.
2026-07-27 14:42:50.281   Creating directory: C:\Users\aaaha\AppData\Local\ClassInEDBMVP\installer-smoke\1.3.1-direct\_internal\ui_prototype
2026-07-27 14:42:50.289   Successfully installed the file.
2026-07-27 14:42:50.289   -- File entry --
2026-07-27 14:42:50.289   Dest filename: C:\Users\aaaha\AppData\Local\ClassInEDBMVP\installer-smoke\1.3.1-direct\_internal\ui_prototype\board.html
2026-07-27 14:42:50.290   Time stamp of our file: 2026-07-27 14:40:18.000
2026-07-27 14:42:50.290   Installing the file.
2026-07-27 14:42:50.294   Successfully installed the file.
2026-07-27 14:42:50.294   -- File entry --
2026-07-27 14:42:50.294   Dest filename: C:\Users\aaaha\AppData\Local\ClassInEDBMVP\installer-smoke\1.3.1-direct\_internal\ui_prototype\favicon.png
2026-07-27 14:42:50.294   Time stamp of our file: 2026-07-27 14:40:18.000
2026-07-27 14:42:50.294   Installing the file.
2026-07-27 14:42:50.295   Successfully installed the file.
2026-07-27 14:42:50.295   -- File entry --
2026-07-27 14:42:50.296   Dest filename: C:\Users\aaaha\AppData\Local\ClassInEDBMVP\installer-smoke\1.3.1-direct\_internal\ui_prototype\index.html
2026-07-27 14:42:50.296   Time stamp of our file: 2026-07-27 14:40:18.000
2026-07-27 14:42:50.296   Installing the file.
2026-07-27 14:42:50.296   Successfully installed the file.
2026-07-27 14:42:50.296   -- File entry --
2026-07-27 14:42:50.296   Dest filename: C:\Users\aaaha\AppData\Local\ClassInEDBMVP\installer-smoke\1.3.1-direct\_internal\ui_prototype\publish_guard.js
2026-07-27 14:42:50.296   Time stamp of our file: 2026-07-27 14:40:18.000
2026-07-27 14:42:50.296   Installing the file.
2026-07-27 14:42:50.297   Successfully installed the file.
2026-07-27 14:42:50.297   -- File entry --
2026-07-27 14:42:50.297   Dest filename: C:\Users\aaaha\AppData\Local\ClassInEDBMVP\installer-smoke\1.3.1-direct\_internal\ui_prototype\publish_summary.js
2026-07-27 14:42:50.298   Time stamp of our file: 2026-07-27 14:40:18.000
2026-07-27 14:42:50.298   Installing the file.
2026-07-27 14:42:50.299   Successfully installed the file.
2026-07-27 14:42:50.299   -- File entry --
2026-07-27 14:42:50.299   Dest filename: C:\Users\aaaha\AppData\Local\ClassInEDBMVP\installer-smoke\1.3.1-direct\_internal\ui_prototype\reorder.js
2026-07-27 14:42:50.299   Time stamp of our file: 2026-07-27 14:40:18.000
2026-07-27 14:42:50.299   Installing the file.
2026-07-27 14:42:50.300   Successfully installed the file.
2026-07-27 14:42:50.300   -- File entry --
2026-07-27 14:42:50.301   Dest filename: C:\Users\aaaha\AppData\Local\ClassInEDBMVP\installer-smoke\1.3.1-direct\_internal\ui_prototype\review_filters.js
2026-07-27 14:42:50.301   Time stamp of our file: 2026-07-27 14:40:18.000
2026-07-27 14:42:50.301   Installing the file.
2026-07-27 14:42:50.302   Successfully installed the file.
2026-07-27 14:42:50.302   -- File entry --
2026-07-27 14:42:50.302   Dest filename: C:\Users\aaaha\AppData\Local\ClassInEDBMVP\installer-smoke\1.3.1-direct\_internal\ui_prototype\vendor\react-dom.production.min.js
2026-07-27 14:42:50.302   Time stamp of our file: 2026-07-27 14:40:18.000
2026-07-27 14:42:50.302   Installing the file.
2026-07-27 14:42:50.302   Creating directory: C:\Users\aaaha\AppData\Local\ClassInEDBMVP\installer-smoke\1.3.1-direct\_internal\ui_prototype\vendor
2026-07-27 14:42:50.307   Successfully installed the file.
2026-07-27 14:42:50.308   -- File entry --
2026-07-27 14:42:50.308   Dest filename: C:\Users\aaaha\AppData\Local\ClassInEDBMVP\installer-smoke\1.3.1-direct\_internal\ui_prototype\vendor\react.production.min.js
2026-07-27 14:42:50.308   Time stamp of our file: 2026-07-27 14:40:18.000
2026-07-27 14:42:50.308   Installing the file.
2026-07-27 14:42:50.309   Successfully installed the file.
2026-07-27 14:42:50.309   -- Icon entry --
2026-07-27 14:42:50.309   Dest filename: C:\Users\aaaha\AppData\Roaming\Microsoft\Windows\Start Menu\Programs\ClassIn EDB\ClassIn EDB.lnk
2026-07-27 14:42:50.309   Creating directory: C:\Users\aaaha\AppData\Roaming\Microsoft\Windows\Start Menu\Programs\ClassIn EDB
2026-07-27 14:42:50.317   Creating the icon.
2026-07-27 14:42:50.536   Successfully created the icon.
2026-07-27 14:42:50.540   Saving uninstall information.
2026-07-27 14:42:50.540   Creating new uninstall key: HKEY_CURRENT_USER\Software\Microsoft\Windows\CurrentVersion\Uninstall\{8F3C4B60-7E9A-4B0F-A7F1-EDB0D1E7C001}_is1
2026-07-27 14:42:50.540   Writing uninstall key values.
2026-07-27 14:42:50.541   Detected previous administrative 64-bit install? No
2026-07-27 14:42:50.541   Detected previous administrative 32-bit install? No
2026-07-27 14:42:50.543   Installation process succeeded.
2026-07-27 14:42:50.543   Need to restart Windows? No
2026-07-27 14:42:50.547   Deinitializing Setup.
2026-07-27 14:42:50.556   Log closed.
