2026-07-27 14:48:57.309   Log opened. (Time zone: UTC+09:00)
2026-07-27 14:48:57.310   Setup version: Inno Setup version 6.7.3
2026-07-27 14:48:57.310   Original Setup EXE: C:\Projects\Class_project\edb_make\dist\ClassInEDBMVP-Setup.exe
2026-07-27 14:48:57.310   Setup command line: /SL5="$6603CA,60227043,915456,C:\Projects\Class_project\edb_make\dist\ClassInEDBMVP-Setup.exe" /VERYSILENT /SUPPRESSMSGBOXES /NORESTART /CURRENTUSER /SP- /DIR=C:\Users\aaaha\AppData\Local\ClassInEDBMVP\installer-smoke\1.3.1-final /LOG=C:\Projects\Class_project\edb_make\.audit\installer-smoke-1.3.1-final.log
2026-07-27 14:48:57.310   Windows version: 10.0.26200
2026-07-27 14:48:57.310   Windows architecture: x64 (64-bit)
2026-07-27 14:48:57.310   Machine types supported by system: x86 x64
2026-07-27 14:48:57.310   User privileges: None
2026-07-27 14:48:57.313   Administrative install mode: No
2026-07-27 14:48:57.313   Install mode root key: HKEY_CURRENT_USER
2026-07-27 14:48:57.313   64-bit install mode: Yes
2026-07-27 14:48:57.313   RedirectionGuard status for current process: Enabled in enforcing mode
2026-07-27 14:48:57.314   Created temporary directory: C:\Users\aaaha\AppData\Local\Temp\is-YJG8EWOS74.tmp
2026-07-27 14:48:57.428   Found 53 files to register with RestartManager.
2026-07-27 14:48:57.428   Calling RestartManager's RmGetList.
2026-07-27 14:48:57.439   RmGetList finished successfully.
2026-07-27 14:48:57.439   RestartManager found no applications using one of our files.
2026-07-27 14:48:57.442   Starting the installation process.
2026-07-27 14:48:57.444   Creating directory: C:\Users\aaaha\AppData\Local\ClassInEDBMVP\installer-smoke
2026-07-27 14:48:57.444   Creating directory: C:\Users\aaaha\AppData\Local\ClassInEDBMVP\installer-smoke\1.3.1-final
2026-07-27 14:48:57.445   Directory for uninstall files: C:\Users\aaaha\AppData\Local\ClassInEDBMVP\installer-smoke\1.3.1-final
2026-07-27 14:48:57.445   Creating new uninstall log: C:\Users\aaaha\AppData\Local\ClassInEDBMVP\installer-smoke\1.3.1-final\unins000.dat
2026-07-27 14:48:57.447   -- File entry --
2026-07-27 14:48:57.447   Dest filename: C:\Users\aaaha\AppData\Local\ClassInEDBMVP\installer-smoke\1.3.1-final\unins000.exe
2026-07-27 14:48:57.447   Non-default bitness: 32-bit
2026-07-27 14:48:57.448   Time stamp of our file: 2026-07-27 14:48:57.056
2026-07-27 14:48:57.448   Installing the file.
2026-07-27 14:48:57.454   Successfully installed the file.
2026-07-27 14:48:57.454   -- File entry --
2026-07-27 14:48:57.454   Dest filename: C:\Users\aaaha\AppData\Local\ClassInEDBMVP\installer-smoke\1.3.1-final\ClassInEDBMVP.exe
2026-07-27 14:48:57.455   Time stamp of our file: 2026-07-27 14:47:04.000
2026-07-27 14:48:57.455   Installing the file.
2026-07-27 14:48:57.526   Successfully installed the file.
2026-07-27 14:48:57.526   -- File entry --
2026-07-27 14:48:57.527   Dest filename: C:\Users\aaaha\AppData\Local\ClassInEDBMVP\installer-smoke\1.3.1-final\_internal\api-ms-win-core-console-l1-1-0.dll
2026-07-27 14:48:57.527   Time stamp of our file: 2026-07-27 14:47:04.000
2026-07-27 14:48:57.527   Installing the file.
2026-07-27 14:48:57.527   Creating directory: C:\Users\aaaha\AppData\Local\ClassInEDBMVP\installer-smoke\1.3.1-final\_internal
2026-07-27 14:48:57.528   Successfully installed the file.
2026-07-27 14:48:57.528   -- File entry --
2026-07-27 14:48:57.529   Dest filename: C:\Users\aaaha\AppData\Local\ClassInEDBMVP\installer-smoke\1.3.1-final\_internal\api-ms-win-core-datetime-l1-1-0.dll
2026-07-27 14:48:57.529   Time stamp of our file: 2026-07-27 14:47:04.000
2026-07-27 14:48:57.529   Installing the file.
2026-07-27 14:48:57.530   Successfully installed the file.
2026-07-27 14:48:57.530   -- File entry --
2026-07-27 14:48:57.530   Dest filename: C:\Users\aaaha\AppData\Local\ClassInEDBMVP\installer-smoke\1.3.1-final\_internal\api-ms-win-core-debug-l1-1-0.dll
2026-07-27 14:48:57.530   Time stamp of our file: 2026-07-27 14:47:04.000
2026-07-27 14:48:57.530   Installing the file.
2026-07-27 14:48:57.531   Successfully installed the file.
2026-07-27 14:48:57.531   -- File entry --
2026-07-27 14:48:57.531   Dest filename: C:\Users\aaaha\AppData\Local\ClassInEDBMVP\installer-smoke\1.3.1-final\_internal\api-ms-win-core-errorhandling-l1-1-0.dll
2026-07-27 14:48:57.531   Time stamp of our file: 2026-07-27 14:47:04.000
2026-07-27 14:48:57.531   Installing the file.
2026-07-27 14:48:57.532   Successfully installed the file.
2026-07-27 14:48:57.532   -- File entry --
2026-07-27 14:48:57.532   Dest filename: C:\Users\aaaha\AppData\Local\ClassInEDBMVP\installer-smoke\1.3.1-final\_internal\api-ms-win-core-file-l1-1-0.dll
2026-07-27 14:48:57.532   Time stamp of our file: 2026-07-27 14:47:04.000
2026-07-27 14:48:57.532   Installing the file.
2026-07-27 14:48:57.533   Successfully installed the file.
2026-07-27 14:48:57.534   -- File entry --
2026-07-27 14:48:57.534   Dest filename: C:\Users\aaaha\AppData\Local\ClassInEDBMVP\installer-smoke\1.3.1-final\_internal\api-ms-win-core-file-l1-2-0.dll
2026-07-27 14:48:57.534   Time stamp of our file: 2026-07-27 14:47:04.000
2026-07-27 14:48:57.534   Installing the file.
2026-07-27 14:48:57.535   Successfully installed the file.
2026-07-27 14:48:57.535   -- File entry --
2026-07-27 14:48:57.535   Dest filename: C:\Users\aaaha\AppData\Local\ClassInEDBMVP\installer-smoke\1.3.1-final\_internal\api-ms-win-core-file-l2-1-0.dll
2026-07-27 14:48:57.535   Time stamp of our file: 2026-07-27 14:47:04.000
2026-07-27 14:48:57.535   Installing the file.
2026-07-27 14:48:57.536   Successfully installed the file.
2026-07-27 14:48:57.536   -- File entry --
2026-07-27 14:48:57.536   Dest filename: C:\Users\aaaha\AppData\Local\ClassInEDBMVP\installer-smoke\1.3.1-final\_internal\api-ms-win-core-handle-l1-1-0.dll
2026-07-27 14:48:57.536   Time stamp of our file: 2026-07-27 14:47:04.000
2026-07-27 14:48:57.536   Installing the file.
2026-07-27 14:48:57.537   Successfully installed the file.
2026-07-27 14:48:57.537   -- File entry --
2026-07-27 14:48:57.537   Dest filename: C:\Users\aaaha\AppData\Local\ClassInEDBMVP\installer-smoke\1.3.1-final\_internal\api-ms-win-core-heap-l1-1-0.dll
2026-07-27 14:48:57.538   Time stamp of our file: 2026-07-27 14:47:04.000
2026-07-27 14:48:57.538   Installing the file.
2026-07-27 14:48:57.539   Successfully installed the file.
2026-07-27 14:48:57.539   -- File entry --
2026-07-27 14:48:57.539   Dest filename: C:\Users\aaaha\AppData\Local\ClassInEDBMVP\installer-smoke\1.3.1-final\_internal\api-ms-win-core-interlocked-l1-1-0.dll
2026-07-27 14:48:57.539   Time stamp of our file: 2026-07-27 14:47:04.000
2026-07-27 14:48:57.539   Installing the file.
2026-07-27 14:48:57.540   Successfully installed the file.
2026-07-27 14:48:57.540   -- File entry --
2026-07-27 14:48:57.540   Dest filename: C:\Users\aaaha\AppData\Local\ClassInEDBMVP\installer-smoke\1.3.1-final\_internal\api-ms-win-core-libraryloader-l1-1-0.dll
2026-07-27 14:48:57.540   Time stamp of our file: 2026-07-27 14:47:04.000
2026-07-27 14:48:57.540   Installing the file.
2026-07-27 14:48:57.541   Successfully installed the file.
2026-07-27 14:48:57.541   -- File entry --
2026-07-27 14:48:57.541   Dest filename: C:\Users\aaaha\AppData\Local\ClassInEDBMVP\installer-smoke\1.3.1-final\_internal\api-ms-win-core-localization-l1-2-0.dll
2026-07-27 14:48:57.541   Time stamp of our file: 2026-07-27 14:47:04.000
2026-07-27 14:48:57.541   Installing the file.
2026-07-27 14:48:57.542   Successfully installed the file.
2026-07-27 14:48:57.542   -- File entry --
2026-07-27 14:48:57.542   Dest filename: C:\Users\aaaha\AppData\Local\ClassInEDBMVP\installer-smoke\1.3.1-final\_internal\api-ms-win-core-memory-l1-1-0.dll
2026-07-27 14:48:57.542   Time stamp of our file: 2026-07-27 14:47:04.000
2026-07-27 14:48:57.542   Installing the file.
2026-07-27 14:48:57.543   Successfully installed the file.
2026-07-27 14:48:57.543   -- File entry --
2026-07-27 14:48:57.543   Dest filename: C:\Users\aaaha\AppData\Local\ClassInEDBMVP\installer-smoke\1.3.1-final\_internal\api-ms-win-core-namedpipe-l1-1-0.dll
2026-07-27 14:48:57.543   Time stamp of our file: 2026-07-27 14:47:04.000
2026-07-27 14:48:57.543   Installing the file.
2026-07-27 14:48:57.543   Successfully installed the file.
2026-07-27 14:48:57.544   -- File entry --
2026-07-27 14:48:57.544   Dest filename: C:\Users\aaaha\AppData\Local\ClassInEDBMVP\installer-smoke\1.3.1-final\_internal\api-ms-win-core-processenvironment-l1-1-0.dll
2026-07-27 14:48:57.544   Time stamp of our file: 2026-07-27 14:47:04.000
2026-07-27 14:48:57.544   Installing the file.
2026-07-27 14:48:57.545   Successfully installed the file.
2026-07-27 14:48:57.545   -- File entry --
2026-07-27 14:48:57.545   Dest filename: C:\Users\aaaha\AppData\Local\ClassInEDBMVP\installer-smoke\1.3.1-final\_internal\api-ms-win-core-processthreads-l1-1-0.dll
2026-07-27 14:48:57.545   Time stamp of our file: 2026-07-27 14:47:04.000
2026-07-27 14:48:57.545   Installing the file.
2026-07-27 14:48:57.547   Successfully installed the file.
2026-07-27 14:48:57.547   -- File entry --
2026-07-27 14:48:57.547   Dest filename: C:\Users\aaaha\AppData\Local\ClassInEDBMVP\installer-smoke\1.3.1-final\_internal\api-ms-win-core-processthreads-l1-1-1.dll
2026-07-27 14:48:57.547   Time stamp of our file: 2026-07-27 14:47:04.000
2026-07-27 14:48:57.547   Installing the file.
2026-07-27 14:48:57.548   Successfully installed the file.
2026-07-27 14:48:57.548   -- File entry --
2026-07-27 14:48:57.548   Dest filename: C:\Users\aaaha\AppData\Local\ClassInEDBMVP\installer-smoke\1.3.1-final\_internal\api-ms-win-core-profile-l1-1-0.dll
2026-07-27 14:48:57.548   Time stamp of our file: 2026-07-27 14:47:04.000
2026-07-27 14:48:57.548   Installing the file.
2026-07-27 14:48:57.549   Successfully installed the file.
2026-07-27 14:48:57.549   -- File entry --
2026-07-27 14:48:57.549   Dest filename: C:\Users\aaaha\AppData\Local\ClassInEDBMVP\installer-smoke\1.3.1-final\_internal\api-ms-win-core-rtlsupport-l1-1-0.dll
2026-07-27 14:48:57.550   Time stamp of our file: 2026-07-27 14:47:04.000
2026-07-27 14:48:57.550   Installing the file.
2026-07-27 14:48:57.550   Successfully installed the file.
2026-07-27 14:48:57.550   -- File entry --
2026-07-27 14:48:57.551   Dest filename: C:\Users\aaaha\AppData\Local\ClassInEDBMVP\installer-smoke\1.3.1-final\_internal\api-ms-win-core-string-l1-1-0.dll
2026-07-27 14:48:57.551   Time stamp of our file: 2026-07-27 14:47:04.000
2026-07-27 14:48:57.551   Installing the file.
2026-07-27 14:48:57.551   Successfully installed the file.
2026-07-27 14:48:57.552   -- File entry --
2026-07-27 14:48:57.552   Dest filename: C:\Users\aaaha\AppData\Local\ClassInEDBMVP\installer-smoke\1.3.1-final\_internal\api-ms-win-core-synch-l1-1-0.dll
2026-07-27 14:48:57.552   Time stamp of our file: 2026-07-27 14:47:04.000
2026-07-27 14:48:57.552   Installing the file.
2026-07-27 14:48:57.553   Successfully installed the file.
2026-07-27 14:48:57.553   -- File entry --
2026-07-27 14:48:57.553   Dest filename: C:\Users\aaaha\AppData\Local\ClassInEDBMVP\installer-smoke\1.3.1-final\_internal\api-ms-win-core-synch-l1-2-0.dll
2026-07-27 14:48:57.553   Time stamp of our file: 2026-07-27 14:47:04.000
2026-07-27 14:48:57.553   Installing the file.
2026-07-27 14:48:57.554   Successfully installed the file.
2026-07-27 14:48:57.554   -- File entry --
2026-07-27 14:48:57.554   Dest filename: C:\Users\aaaha\AppData\Local\ClassInEDBMVP\installer-smoke\1.3.1-final\_internal\api-ms-win-core-sysinfo-l1-1-0.dll
2026-07-27 14:48:57.554   Time stamp of our file: 2026-07-27 14:47:04.000
2026-07-27 14:48:57.554   Installing the file.
2026-07-27 14:48:57.555   Successfully installed the file.
2026-07-27 14:48:57.555   -- File entry --
2026-07-27 14:48:57.555   Dest filename: C:\Users\aaaha\AppData\Local\ClassInEDBMVP\installer-smoke\1.3.1-final\_internal\api-ms-win-core-timezone-l1-1-0.dll
2026-07-27 14:48:57.556   Time stamp of our file: 2026-07-27 14:47:04.000
2026-07-27 14:48:57.556   Installing the file.
2026-07-27 14:48:57.557   Successfully installed the file.
2026-07-27 14:48:57.557   -- File entry --
2026-07-27 14:48:57.557   Dest filename: C:\Users\aaaha\AppData\Local\ClassInEDBMVP\installer-smoke\1.3.1-final\_internal\api-ms-win-core-util-l1-1-0.dll
2026-07-27 14:48:57.557   Time stamp of our file: 2026-07-27 14:47:04.000
2026-07-27 14:48:57.557   Installing the file.
2026-07-27 14:48:57.558   Successfully installed the file.
2026-07-27 14:48:57.558   -- File entry --
2026-07-27 14:48:57.558   Dest filename: C:\Users\aaaha\AppData\Local\ClassInEDBMVP\installer-smoke\1.3.1-final\_internal\api-ms-win-crt-conio-l1-1-0.dll
2026-07-27 14:48:57.558   Time stamp of our file: 2026-07-27 14:47:04.000
2026-07-27 14:48:57.558   Installing the file.
2026-07-27 14:48:57.559   Successfully installed the file.
2026-07-27 14:48:57.559   -- File entry --
2026-07-27 14:48:57.559   Dest filename: C:\Users\aaaha\AppData\Local\ClassInEDBMVP\installer-smoke\1.3.1-final\_internal\api-ms-win-crt-convert-l1-1-0.dll
2026-07-27 14:48:57.559   Time stamp of our file: 2026-07-27 14:47:04.000
2026-07-27 14:48:57.559   Installing the file.
2026-07-27 14:48:57.560   Successfully installed the file.
2026-07-27 14:48:57.560   -- File entry --
2026-07-27 14:48:57.560   Dest filename: C:\Users\aaaha\AppData\Local\ClassInEDBMVP\installer-smoke\1.3.1-final\_internal\api-ms-win-crt-environment-l1-1-0.dll
2026-07-27 14:48:57.560   Time stamp of our file: 2026-07-27 14:47:04.000
2026-07-27 14:48:57.560   Installing the file.
2026-07-27 14:48:57.561   Successfully installed the file.
2026-07-27 14:48:57.561   -- File entry --
2026-07-27 14:48:57.561   Dest filename: C:\Users\aaaha\AppData\Local\ClassInEDBMVP\installer-smoke\1.3.1-final\_internal\api-ms-win-crt-filesystem-l1-1-0.dll
2026-07-27 14:48:57.562   Time stamp of our file: 2026-07-27 14:47:04.000
2026-07-27 14:48:57.562   Installing the file.
2026-07-27 14:48:57.563   Successfully installed the file.
2026-07-27 14:48:57.563   -- File entry --
2026-07-27 14:48:57.563   Dest filename: C:\Users\aaaha\AppData\Local\ClassInEDBMVP\installer-smoke\1.3.1-final\_internal\api-ms-win-crt-heap-l1-1-0.dll
2026-07-27 14:48:57.563   Time stamp of our file: 2026-07-27 14:47:04.000
2026-07-27 14:48:57.563   Installing the file.
2026-07-27 14:48:57.563   Successfully installed the file.
2026-07-27 14:48:57.563   -- File entry --
2026-07-27 14:48:57.565   Dest filename: C:\Users\aaaha\AppData\Local\ClassInEDBMVP\installer-smoke\1.3.1-final\_internal\api-ms-win-crt-locale-l1-1-0.dll
2026-07-27 14:48:57.565   Time stamp of our file: 2026-07-27 14:47:04.000
2026-07-27 14:48:57.565   Installing the file.
2026-07-27 14:48:57.566   Successfully installed the file.
2026-07-27 14:48:57.566   -- File entry --
2026-07-27 14:48:57.566   Dest filename: C:\Users\aaaha\AppData\Local\ClassInEDBMVP\installer-smoke\1.3.1-final\_internal\api-ms-win-crt-math-l1-1-0.dll
2026-07-27 14:48:57.566   Time stamp of our file: 2026-07-27 14:47:04.000
2026-07-27 14:48:57.566   Installing the file.
2026-07-27 14:48:57.567   Successfully installed the file.
2026-07-27 14:48:57.567   -- File entry --
2026-07-27 14:48:57.567   Dest filename: C:\Users\aaaha\AppData\Local\ClassInEDBMVP\installer-smoke\1.3.1-final\_internal\api-ms-win-crt-private-l1-1-0.dll
2026-07-27 14:48:57.567   Time stamp of our file: 2026-07-27 14:47:04.000
2026-07-27 14:48:57.567   Installing the file.
2026-07-27 14:48:57.569   Successfully installed the file.
2026-07-27 14:48:57.569   -- File entry --
2026-07-27 14:48:57.569   Dest filename: C:\Users\aaaha\AppData\Local\ClassInEDBMVP\installer-smoke\1.3.1-final\_internal\api-ms-win-crt-process-l1-1-0.dll
2026-07-27 14:48:57.569   Time stamp of our file: 2026-07-27 14:47:04.000
2026-07-27 14:48:57.569   Installing the file.
2026-07-27 14:48:57.570   Successfully installed the file.
2026-07-27 14:48:57.570   -- File entry --
2026-07-27 14:48:57.570   Dest filename: C:\Users\aaaha\AppData\Local\ClassInEDBMVP\installer-smoke\1.3.1-final\_internal\api-ms-win-crt-runtime-l1-1-0.dll
2026-07-27 14:48:57.570   Time stamp of our file: 2026-07-27 14:47:04.000
2026-07-27 14:48:57.570   Installing the file.
2026-07-27 14:48:57.572   Successfully installed the file.
2026-07-27 14:48:57.572   -- File entry --
2026-07-27 14:48:57.572   Dest filename: C:\Users\aaaha\AppData\Local\ClassInEDBMVP\installer-smoke\1.3.1-final\_internal\api-ms-win-crt-stdio-l1-1-0.dll
2026-07-27 14:48:57.572   Time stamp of our file: 2026-07-27 14:47:04.000
2026-07-27 14:48:57.572   Installing the file.
2026-07-27 14:48:57.573   Successfully installed the file.
2026-07-27 14:48:57.573   -- File entry --
2026-07-27 14:48:57.573   Dest filename: C:\Users\aaaha\AppData\Local\ClassInEDBMVP\installer-smoke\1.3.1-final\_internal\api-ms-win-crt-string-l1-1-0.dll
2026-07-27 14:48:57.573   Time stamp of our file: 2026-07-27 14:47:04.000
2026-07-27 14:48:57.573   Installing the file.
2026-07-27 14:48:57.574   Successfully installed the file.
2026-07-27 14:48:57.574   -- File entry --
2026-07-27 14:48:57.574   Dest filename: C:\Users\aaaha\AppData\Local\ClassInEDBMVP\installer-smoke\1.3.1-final\_internal\api-ms-win-crt-time-l1-1-0.dll
2026-07-27 14:48:57.574   Time stamp of our file: 2026-07-27 14:47:04.000
2026-07-27 14:48:57.574   Installing the file.
2026-07-27 14:48:57.575   Successfully installed the file.
2026-07-27 14:48:57.575   -- File entry --
2026-07-27 14:48:57.575   Dest filename: C:\Users\aaaha\AppData\Local\ClassInEDBMVP\installer-smoke\1.3.1-final\_internal\api-ms-win-crt-utility-l1-1-0.dll
2026-07-27 14:48:57.575   Time stamp of our file: 2026-07-27 14:47:04.000
2026-07-27 14:48:57.575   Installing the file.
2026-07-27 14:48:57.576   Successfully installed the file.
2026-07-27 14:48:57.576   -- File entry --
2026-07-27 14:48:57.576   Dest filename: C:\Users\aaaha\AppData\Local\ClassInEDBMVP\installer-smoke\1.3.1-final\_internal\app_update_config.json
2026-07-27 14:48:57.576   Time stamp of our file: 2026-07-27 14:47:04.000
2026-07-27 14:48:57.576   Installing the file.
2026-07-27 14:48:57.577   Successfully installed the file.
2026-07-27 14:48:57.577   -- File entry --
2026-07-27 14:48:57.577   Dest filename: C:\Users\aaaha\AppData\Local\ClassInEDBMVP\installer-smoke\1.3.1-final\_internal\base_library.zip
2026-07-27 14:48:57.577   Time stamp of our file: 2026-07-27 14:47:04.000
2026-07-27 14:48:57.577   Installing the file.
2026-07-27 14:48:57.599   Successfully installed the file.
2026-07-27 14:48:57.599   -- File entry --
2026-07-27 14:48:57.599   Dest filename: C:\Users\aaaha\AppData\Local\ClassInEDBMVP\installer-smoke\1.3.1-final\_internal\libcrypto-3-x64.dll
2026-07-27 14:48:57.599   Time stamp of our file: 2026-07-27 14:47:04.000
2026-07-27 14:48:57.599   Installing the file.
2026-07-27 14:48:57.702   Successfully installed the file.
2026-07-27 14:48:57.702   -- File entry --
2026-07-27 14:48:57.702   Dest filename: C:\Users\aaaha\AppData\Local\ClassInEDBMVP\installer-smoke\1.3.1-final\_internal\libffi-8.dll
2026-07-27 14:48:57.702   Time stamp of our file: 2026-07-27 14:47:04.000
2026-07-27 14:48:57.702   Installing the file.
2026-07-27 14:48:57.703   Successfully installed the file.
2026-07-27 14:48:57.703   -- File entry --
2026-07-27 14:48:57.703   Dest filename: C:\Users\aaaha\AppData\Local\ClassInEDBMVP\installer-smoke\1.3.1-final\_internal\libssl-3-x64.dll
2026-07-27 14:48:57.703   Time stamp of our file: 2026-07-27 14:47:04.000
2026-07-27 14:48:57.703   Installing the file.
2026-07-27 14:48:57.725   Successfully installed the file.
2026-07-27 14:48:57.726   -- File entry --
2026-07-27 14:48:57.726   Dest filename: C:\Users\aaaha\AppData\Local\ClassInEDBMVP\installer-smoke\1.3.1-final\_internal\MSVCP140.dll
2026-07-27 14:48:57.726   Time stamp of our file: 2026-07-27 14:47:04.000
2026-07-27 14:48:57.726   Installing the file.
2026-07-27 14:48:57.735   Successfully installed the file.
2026-07-27 14:48:57.735   -- File entry --
2026-07-27 14:48:57.735   Dest filename: C:\Users\aaaha\AppData\Local\ClassInEDBMVP\installer-smoke\1.3.1-final\_internal\pyexpat.pyd
2026-07-27 14:48:57.735   Time stamp of our file: 2026-07-27 14:47:04.000
2026-07-27 14:48:57.735   Installing the file.
2026-07-27 14:48:57.741   Successfully installed the file.
2026-07-27 14:48:57.741   -- File entry --
2026-07-27 14:48:57.741   Dest filename: C:\Users\aaaha\AppData\Local\ClassInEDBMVP\installer-smoke\1.3.1-final\_internal\python3.dll
2026-07-27 14:48:57.741   Time stamp of our file: 2026-07-27 14:47:04.000
2026-07-27 14:48:57.741   Installing the file.
2026-07-27 14:48:57.742   Successfully installed the file.
2026-07-27 14:48:57.742   -- File entry --
2026-07-27 14:48:57.743   Dest filename: C:\Users\aaaha\AppData\Local\ClassInEDBMVP\installer-smoke\1.3.1-final\_internal\python312.dll
2026-07-27 14:48:57.743   Time stamp of our file: 2026-07-27 14:47:04.000
2026-07-27 14:48:57.743   Installing the file.
2026-07-27 14:48:57.856   Successfully installed the file.
2026-07-27 14:48:57.856   -- File entry --
2026-07-27 14:48:57.857   Dest filename: C:\Users\aaaha\AppData\Local\ClassInEDBMVP\installer-smoke\1.3.1-final\_internal\select.pyd
2026-07-27 14:48:57.857   Time stamp of our file: 2026-07-27 14:47:04.000
2026-07-27 14:48:57.857   Installing the file.
2026-07-27 14:48:57.858   Successfully installed the file.
2026-07-27 14:48:57.858   -- File entry --
2026-07-27 14:48:57.858   Dest filename: C:\Users\aaaha\AppData\Local\ClassInEDBMVP\installer-smoke\1.3.1-final\_internal\ucrtbase.dll
2026-07-27 14:48:57.858   Time stamp of our file: 2026-07-27 14:47:04.000
2026-07-27 14:48:57.858   Installing the file.
2026-07-27 14:48:57.879   Successfully installed the file.
2026-07-27 14:48:57.879   -- File entry --
2026-07-27 14:48:57.880   Dest filename: C:\Users\aaaha\AppData\Local\ClassInEDBMVP\installer-smoke\1.3.1-final\_internal\unicodedata.pyd
2026-07-27 14:48:57.880   Time stamp of our file: 2026-07-27 14:47:04.000
2026-07-27 14:48:57.880   Installing the file.
2026-07-27 14:48:57.902   Successfully installed the file.
2026-07-27 14:48:57.902   -- File entry --
2026-07-27 14:48:57.903   Dest filename: C:\Users\aaaha\AppData\Local\ClassInEDBMVP\installer-smoke\1.3.1-final\_internal\VCRUNTIME140.dll
2026-07-27 14:48:57.903   Time stamp of our file: 2026-07-27 14:47:04.000
2026-07-27 14:48:57.903   Installing the file.
2026-07-27 14:48:57.906   Successfully installed the file.
2026-07-27 14:48:57.906   -- File entry --
2026-07-27 14:48:57.906   Dest filename: C:\Users\aaaha\AppData\Local\ClassInEDBMVP\installer-smoke\1.3.1-final\_internal\VCRUNTIME140_1.dll
2026-07-27 14:48:57.906   Time stamp of our file: 2026-07-27 14:47:04.000
2026-07-27 14:48:57.906   Installing the file.
2026-07-27 14:48:57.908   Successfully installed the file.
2026-07-27 14:48:57.908   -- File entry --
2026-07-27 14:48:57.908   Dest filename: C:\Users\aaaha\AppData\Local\ClassInEDBMVP\installer-smoke\1.3.1-final\_internal\_asyncio.pyd
2026-07-27 14:48:57.908   Time stamp of our file: 2026-07-27 14:47:04.000
2026-07-27 14:48:57.908   Installing the file.
2026-07-27 14:48:57.920   Successfully installed the file.
2026-07-27 14:48:57.920   -- File entry --
2026-07-27 14:48:57.920   Dest filename: C:\Users\aaaha\AppData\Local\ClassInEDBMVP\installer-smoke\1.3.1-final\_internal\_bz2.pyd
2026-07-27 14:48:57.920   Time stamp of our file: 2026-07-27 14:47:04.000
2026-07-27 14:48:57.920   Installing the file.
2026-07-27 14:48:57.922   Successfully installed the file.
2026-07-27 14:48:57.922   -- File entry --
2026-07-27 14:48:57.922   Dest filename: C:\Users\aaaha\AppData\Local\ClassInEDBMVP\installer-smoke\1.3.1-final\_internal\_ctypes.pyd
2026-07-27 14:48:57.923   Time stamp of our file: 2026-07-27 14:47:04.000
2026-07-27 14:48:57.923   Installing the file.
2026-07-27 14:48:57.926   Successfully installed the file.
2026-07-27 14:48:57.926   -- File entry --
2026-07-27 14:48:57.927   Dest filename: C:\Users\aaaha\AppData\Local\ClassInEDBMVP\installer-smoke\1.3.1-final\_internal\_decimal.pyd
2026-07-27 14:48:57.927   Time stamp of our file: 2026-07-27 14:47:04.000
2026-07-27 14:48:57.927   Installing the file.
2026-07-27 14:48:57.933   Successfully installed the file.
2026-07-27 14:48:57.933   -- File entry --
2026-07-27 14:48:57.933   Dest filename: C:\Users\aaaha\AppData\Local\ClassInEDBMVP\installer-smoke\1.3.1-final\_internal\_elementtree.pyd
2026-07-27 14:48:57.933   Time stamp of our file: 2026-07-27 14:47:04.000
2026-07-27 14:48:57.933   Installing the file.
2026-07-27 14:48:57.935   Successfully installed the file.
2026-07-27 14:48:57.936   -- File entry --
2026-07-27 14:48:57.936   Dest filename: C:\Users\aaaha\AppData\Local\ClassInEDBMVP\installer-smoke\1.3.1-final\_internal\_hashlib.pyd
2026-07-27 14:48:57.936   Time stamp of our file: 2026-07-27 14:47:04.000
2026-07-27 14:48:57.936   Installing the file.
2026-07-27 14:48:57.938   Successfully installed the file.
2026-07-27 14:48:57.938   -- File entry --
2026-07-27 14:48:57.938   Dest filename: C:\Users\aaaha\AppData\Local\ClassInEDBMVP\installer-smoke\1.3.1-final\_internal\_lzma.pyd
2026-07-27 14:48:57.938   Time stamp of our file: 2026-07-27 14:47:04.000
2026-07-27 14:48:57.938   Installing the file.
2026-07-27 14:48:57.943   Successfully installed the file.
2026-07-27 14:48:57.943   -- File entry --
2026-07-27 14:48:57.943   Dest filename: C:\Users\aaaha\AppData\Local\ClassInEDBMVP\installer-smoke\1.3.1-final\_internal\_multiprocessing.pyd
2026-07-27 14:48:57.943   Time stamp of our file: 2026-07-27 14:47:04.000
2026-07-27 14:48:57.943   Installing the file.
2026-07-27 14:48:57.945   Successfully installed the file.
2026-07-27 14:48:57.945   -- File entry --
2026-07-27 14:48:57.945   Dest filename: C:\Users\aaaha\AppData\Local\ClassInEDBMVP\installer-smoke\1.3.1-final\_internal\_overlapped.pyd
2026-07-27 14:48:57.945   Time stamp of our file: 2026-07-27 14:47:04.000
2026-07-27 14:48:57.945   Installing the file.
2026-07-27 14:48:57.947   Successfully installed the file.
2026-07-27 14:48:57.947   -- File entry --
2026-07-27 14:48:57.947   Dest filename: C:\Users\aaaha\AppData\Local\ClassInEDBMVP\installer-smoke\1.3.1-final\_internal\_queue.pyd
2026-07-27 14:48:57.947   Time stamp of our file: 2026-07-27 14:47:04.000
2026-07-27 14:48:57.947   Installing the file.
2026-07-27 14:48:57.948   Successfully installed the file.
2026-07-27 14:48:57.948   -- File entry --
2026-07-27 14:48:57.948   Dest filename: C:\Users\aaaha\AppData\Local\ClassInEDBMVP\installer-smoke\1.3.1-final\_internal\_socket.pyd
2026-07-27 14:48:57.949   Time stamp of our file: 2026-07-27 14:47:04.000
2026-07-27 14:48:57.949   Installing the file.
2026-07-27 14:48:57.953   Successfully installed the file.
2026-07-27 14:48:57.953   -- File entry --
2026-07-27 14:48:57.953   Dest filename: C:\Users\aaaha\AppData\Local\ClassInEDBMVP\installer-smoke\1.3.1-final\_internal\_ssl.pyd
2026-07-27 14:48:57.953   Time stamp of our file: 2026-07-27 14:47:04.000
2026-07-27 14:48:57.953   Installing the file.
2026-07-27 14:48:57.958   Successfully installed the file.
2026-07-27 14:48:57.958   -- File entry --
2026-07-27 14:48:57.958   Dest filename: C:\Users\aaaha\AppData\Local\ClassInEDBMVP\installer-smoke\1.3.1-final\_internal\_uuid.pyd
2026-07-27 14:48:57.958   Time stamp of our file: 2026-07-27 14:47:04.000
2026-07-27 14:48:57.958   Installing the file.
2026-07-27 14:48:57.959   Successfully installed the file.
2026-07-27 14:48:57.960   -- File entry --
2026-07-27 14:48:57.960   Dest filename: C:\Users\aaaha\AppData\Local\ClassInEDBMVP\installer-smoke\1.3.1-final\_internal\_wmi.pyd
2026-07-27 14:48:57.960   Time stamp of our file: 2026-07-27 14:47:04.000
2026-07-27 14:48:57.960   Installing the file.
2026-07-27 14:48:57.961   Successfully installed the file.
2026-07-27 14:48:57.961   -- File entry --
2026-07-27 14:48:57.961   Dest filename: C:\Users\aaaha\AppData\Local\ClassInEDBMVP\installer-smoke\1.3.1-final\_internal\assets\app_icon.png
2026-07-27 14:48:57.961   Time stamp of our file: 2026-07-27 14:47:04.000
2026-07-27 14:48:57.961   Installing the file.
2026-07-27 14:48:57.961   Creating directory: C:\Users\aaaha\AppData\Local\ClassInEDBMVP\installer-smoke\1.3.1-final\_internal\assets
2026-07-27 14:48:57.969   Successfully installed the file.
2026-07-27 14:48:57.969   -- File entry --
2026-07-27 14:48:57.969   Dest filename: C:\Users\aaaha\AppData\Local\ClassInEDBMVP\installer-smoke\1.3.1-final\_internal\cv2\config-3.py
2026-07-27 14:48:57.969   Time stamp of our file: 2026-07-27 14:47:04.000
2026-07-27 14:48:57.969   Installing the file.
2026-07-27 14:48:57.969   Creating directory: C:\Users\aaaha\AppData\Local\ClassInEDBMVP\installer-smoke\1.3.1-final\_internal\cv2
2026-07-27 14:48:57.971   Successfully installed the file.
2026-07-27 14:48:57.971   -- File entry --
2026-07-27 14:48:57.971   Dest filename: C:\Users\aaaha\AppData\Local\ClassInEDBMVP\installer-smoke\1.3.1-final\_internal\cv2\config.py
2026-07-27 14:48:57.971   Time stamp of our file: 2026-07-27 14:47:04.000
2026-07-27 14:48:57.971   Installing the file.
2026-07-27 14:48:57.972   Successfully installed the file.
2026-07-27 14:48:57.972   -- File entry --
2026-07-27 14:48:57.972   Dest filename: C:\Users\aaaha\AppData\Local\ClassInEDBMVP\installer-smoke\1.3.1-final\_internal\cv2\cv2.pyd
2026-07-27 14:48:57.973   Time stamp of our file: 2026-07-27 14:47:04.000
2026-07-27 14:48:57.973   Installing the file.
2026-07-27 14:48:59.243   Successfully installed the file.
2026-07-27 14:48:59.243   -- File entry --
2026-07-27 14:48:59.243   Dest filename: C:\Users\aaaha\AppData\Local\ClassInEDBMVP\installer-smoke\1.3.1-final\_internal\cv2\load_config_py3.py
2026-07-27 14:48:59.243   Time stamp of our file: 2026-07-27 14:47:04.000
2026-07-27 14:48:59.243   Installing the file.
2026-07-27 14:48:59.244   Successfully installed the file.
2026-07-27 14:48:59.244   -- File entry --
2026-07-27 14:48:59.244   Dest filename: C:\Users\aaaha\AppData\Local\ClassInEDBMVP\installer-smoke\1.3.1-final\_internal\cv2\opencv_videoio_ffmpeg4130_64.dll
2026-07-27 14:48:59.244   Time stamp of our file: 2026-07-27 14:47:04.000
2026-07-27 14:48:59.244   Installing the file.
2026-07-27 14:48:59.868   Successfully installed the file.
2026-07-27 14:48:59.868   -- File entry --
2026-07-27 14:48:59.868   Dest filename: C:\Users\aaaha\AppData\Local\ClassInEDBMVP\installer-smoke\1.3.1-final\_internal\cv2\version.py
2026-07-27 14:48:59.869   Time stamp of our file: 2026-07-27 14:47:04.000
2026-07-27 14:48:59.869   Installing the file.
2026-07-27 14:48:59.869   Successfully installed the file.
2026-07-27 14:48:59.869   -- File entry --
2026-07-27 14:48:59.869   Dest filename: C:\Users\aaaha\AppData\Local\ClassInEDBMVP\installer-smoke\1.3.1-final\_internal\cv2\__init__.py
2026-07-27 14:48:59.870   Time stamp of our file: 2026-07-27 14:47:04.000
2026-07-27 14:48:59.870   Installing the file.
2026-07-27 14:48:59.870   Successfully installed the file.
2026-07-27 14:48:59.871   -- File entry --
2026-07-27 14:48:59.871   Dest filename: C:\Users\aaaha\AppData\Local\ClassInEDBMVP\installer-smoke\1.3.1-final\_internal\cv2\data\__init__.py
2026-07-27 14:48:59.871   Time stamp of our file: 2026-07-27 14:47:04.000
2026-07-27 14:48:59.871   Installing the file.
2026-07-27 14:48:59.871   Creating directory: C:\Users\aaaha\AppData\Local\ClassInEDBMVP\installer-smoke\1.3.1-final\_internal\cv2\data
2026-07-27 14:48:59.872   Successfully installed the file.
2026-07-27 14:48:59.872   -- File entry --
2026-07-27 14:48:59.872   Dest filename: C:\Users\aaaha\AppData\Local\ClassInEDBMVP\installer-smoke\1.3.1-final\_internal\cv2\gapi\__init__.py
2026-07-27 14:48:59.872   Time stamp of our file: 2026-07-27 14:47:04.000
2026-07-27 14:48:59.872   Installing the file.
2026-07-27 14:48:59.872   Creating directory: C:\Users\aaaha\AppData\Local\ClassInEDBMVP\installer-smoke\1.3.1-final\_internal\cv2\gapi
2026-07-27 14:48:59.873   Successfully installed the file.
2026-07-27 14:48:59.873   -- File entry --
2026-07-27 14:48:59.873   Dest filename: C:\Users\aaaha\AppData\Local\ClassInEDBMVP\installer-smoke\1.3.1-final\_internal\cv2\mat_wrapper\__init__.py
2026-07-27 14:48:59.873   Time stamp of our file: 2026-07-27 14:47:04.000
2026-07-27 14:48:59.873   Installing the file.
2026-07-27 14:48:59.873   Creating directory: C:\Users\aaaha\AppData\Local\ClassInEDBMVP\installer-smoke\1.3.1-final\_internal\cv2\mat_wrapper
2026-07-27 14:48:59.875   Successfully installed the file.
2026-07-27 14:48:59.875   -- File entry --
2026-07-27 14:48:59.875   Dest filename: C:\Users\aaaha\AppData\Local\ClassInEDBMVP\installer-smoke\1.3.1-final\_internal\cv2\misc\version.py
2026-07-27 14:48:59.875   Time stamp of our file: 2026-07-27 14:47:04.000
2026-07-27 14:48:59.875   Installing the file.
2026-07-27 14:48:59.875   Creating directory: C:\Users\aaaha\AppData\Local\ClassInEDBMVP\installer-smoke\1.3.1-final\_internal\cv2\misc
2026-07-27 14:48:59.876   Successfully installed the file.
2026-07-27 14:48:59.876   -- File entry --
2026-07-27 14:48:59.876   Dest filename: C:\Users\aaaha\AppData\Local\ClassInEDBMVP\installer-smoke\1.3.1-final\_internal\cv2\misc\__init__.py
2026-07-27 14:48:59.876   Time stamp of our file: 2026-07-27 14:47:04.000
2026-07-27 14:48:59.876   Installing the file.
2026-07-27 14:48:59.877   Successfully installed the file.
2026-07-27 14:48:59.877   -- File entry --
2026-07-27 14:48:59.877   Dest filename: C:\Users\aaaha\AppData\Local\ClassInEDBMVP\installer-smoke\1.3.1-final\_internal\cv2\typing\__init__.py
2026-07-27 14:48:59.877   Time stamp of our file: 2026-07-27 14:47:04.000
2026-07-27 14:48:59.877   Installing the file.
2026-07-27 14:48:59.877   Creating directory: C:\Users\aaaha\AppData\Local\ClassInEDBMVP\installer-smoke\1.3.1-final\_internal\cv2\typing
2026-07-27 14:48:59.878   Successfully installed the file.
2026-07-27 14:48:59.878   -- File entry --
2026-07-27 14:48:59.878   Dest filename: C:\Users\aaaha\AppData\Local\ClassInEDBMVP\installer-smoke\1.3.1-final\_internal\cv2\utils\__init__.py
2026-07-27 14:48:59.878   Time stamp of our file: 2026-07-27 14:47:04.000
2026-07-27 14:48:59.878   Installing the file.
2026-07-27 14:48:59.879   Creating directory: C:\Users\aaaha\AppData\Local\ClassInEDBMVP\installer-smoke\1.3.1-final\_internal\cv2\utils
2026-07-27 14:48:59.879   Successfully installed the file.
2026-07-27 14:48:59.879   -- File entry --
2026-07-27 14:48:59.880   Dest filename: C:\Users\aaaha\AppData\Local\ClassInEDBMVP\installer-smoke\1.3.1-final\_internal\numpy\fft\_pocketfft_umath.cp312-win_amd64.pyd
2026-07-27 14:48:59.880   Time stamp of our file: 2026-07-27 14:47:04.000
2026-07-27 14:48:59.880   Installing the file.
2026-07-27 14:48:59.880   Creating directory: C:\Users\aaaha\AppData\Local\ClassInEDBMVP\installer-smoke\1.3.1-final\_internal\numpy
2026-07-27 14:48:59.880   Creating directory: C:\Users\aaaha\AppData\Local\ClassInEDBMVP\installer-smoke\1.3.1-final\_internal\numpy\fft
2026-07-27 14:48:59.886   Successfully installed the file.
2026-07-27 14:48:59.886   -- File entry --
2026-07-27 14:48:59.886   Dest filename: C:\Users\aaaha\AppData\Local\ClassInEDBMVP\installer-smoke\1.3.1-final\_internal\numpy\linalg\_umath_linalg.cp312-win_amd64.pyd
2026-07-27 14:48:59.886   Time stamp of our file: 2026-07-27 14:47:04.000
2026-07-27 14:48:59.886   Installing the file.
2026-07-27 14:48:59.886   Creating directory: C:\Users\aaaha\AppData\Local\ClassInEDBMVP\installer-smoke\1.3.1-final\_internal\numpy\linalg
2026-07-27 14:48:59.889   Successfully installed the file.
2026-07-27 14:48:59.890   -- File entry --
2026-07-27 14:48:59.890   Dest filename: C:\Users\aaaha\AppData\Local\ClassInEDBMVP\installer-smoke\1.3.1-final\_internal\numpy\random\bit_generator.cp312-win_amd64.pyd
2026-07-27 14:48:59.890   Time stamp of our file: 2026-07-27 14:47:04.000
2026-07-27 14:48:59.890   Installing the file.
2026-07-27 14:48:59.890   Creating directory: C:\Users\aaaha\AppData\Local\ClassInEDBMVP\installer-smoke\1.3.1-final\_internal\numpy\random
2026-07-27 14:48:59.895   Successfully installed the file.
2026-07-27 14:48:59.895   -- File entry --
2026-07-27 14:48:59.895   Dest filename: C:\Users\aaaha\AppData\Local\ClassInEDBMVP\installer-smoke\1.3.1-final\_internal\numpy\random\mtrand.cp312-win_amd64.pyd
2026-07-27 14:48:59.895   Time stamp of our file: 2026-07-27 14:47:04.000
2026-07-27 14:48:59.895   Installing the file.
2026-07-27 14:48:59.906   Successfully installed the file.
2026-07-27 14:48:59.906   -- File entry --
2026-07-27 14:48:59.906   Dest filename: C:\Users\aaaha\AppData\Local\ClassInEDBMVP\installer-smoke\1.3.1-final\_internal\numpy\random\_bounded_integers.cp312-win_amd64.pyd
2026-07-27 14:48:59.906   Time stamp of our file: 2026-07-27 14:47:04.000
2026-07-27 14:48:59.906   Installing the file.
2026-07-27 14:48:59.919   Successfully installed the file.
2026-07-27 14:48:59.919   -- File entry --
2026-07-27 14:48:59.919   Dest filename: C:\Users\aaaha\AppData\Local\ClassInEDBMVP\installer-smoke\1.3.1-final\_internal\numpy\random\_common.cp312-win_amd64.pyd
2026-07-27 14:48:59.920   Time stamp of our file: 2026-07-27 14:47:04.000
2026-07-27 14:48:59.920   Installing the file.
2026-07-27 14:48:59.923   Successfully installed the file.
2026-07-27 14:48:59.923   -- File entry --
2026-07-27 14:48:59.923   Dest filename: C:\Users\aaaha\AppData\Local\ClassInEDBMVP\installer-smoke\1.3.1-final\_internal\numpy\random\_generator.cp312-win_amd64.pyd
2026-07-27 14:48:59.924   Time stamp of our file: 2026-07-27 14:47:04.000
2026-07-27 14:48:59.924   Installing the file.
2026-07-27 14:48:59.936   Successfully installed the file.
2026-07-27 14:48:59.936   -- File entry --
2026-07-27 14:48:59.936   Dest filename: C:\Users\aaaha\AppData\Local\ClassInEDBMVP\installer-smoke\1.3.1-final\_internal\numpy\random\_mt19937.cp312-win_amd64.pyd
2026-07-27 14:48:59.936   Time stamp of our file: 2026-07-27 14:47:04.000
2026-07-27 14:48:59.936   Installing the file.
2026-07-27 14:48:59.938   Successfully installed the file.
2026-07-27 14:48:59.938   -- File entry --
2026-07-27 14:48:59.938   Dest filename: C:\Users\aaaha\AppData\Local\ClassInEDBMVP\installer-smoke\1.3.1-final\_internal\numpy\random\_pcg64.cp312-win_amd64.pyd
2026-07-27 14:48:59.938   Time stamp of our file: 2026-07-27 14:47:04.000
2026-07-27 14:48:59.938   Installing the file.
2026-07-27 14:48:59.940   Successfully installed the file.
2026-07-27 14:48:59.940   -- File entry --
2026-07-27 14:48:59.940   Dest filename: C:\Users\aaaha\AppData\Local\ClassInEDBMVP\installer-smoke\1.3.1-final\_internal\numpy\random\_philox.cp312-win_amd64.pyd
2026-07-27 14:48:59.941   Time stamp of our file: 2026-07-27 14:47:04.000
2026-07-27 14:48:59.941   Installing the file.
2026-07-27 14:48:59.944   Successfully installed the file.
2026-07-27 14:48:59.944   -- File entry --
2026-07-27 14:48:59.944   Dest filename: C:\Users\aaaha\AppData\Local\ClassInEDBMVP\installer-smoke\1.3.1-final\_internal\numpy\random\_sfc64.cp312-win_amd64.pyd
2026-07-27 14:48:59.944   Time stamp of our file: 2026-07-27 14:47:04.000
2026-07-27 14:48:59.944   Installing the file.
2026-07-27 14:48:59.946   Successfully installed the file.
2026-07-27 14:48:59.946   -- File entry --
2026-07-27 14:48:59.946   Dest filename: C:\Users\aaaha\AppData\Local\ClassInEDBMVP\installer-smoke\1.3.1-final\_internal\numpy\_core\_multiarray_tests.cp312-win_amd64.pyd
2026-07-27 14:48:59.947   Time stamp of our file: 2026-07-27 14:47:04.000
2026-07-27 14:48:59.947   Installing the file.
2026-07-27 14:48:59.947   Creating directory: C:\Users\aaaha\AppData\Local\ClassInEDBMVP\installer-smoke\1.3.1-final\_internal\numpy\_core
2026-07-27 14:48:59.950   Successfully installed the file.
2026-07-27 14:48:59.950   -- File entry --
2026-07-27 14:48:59.950   Dest filename: C:\Users\aaaha\AppData\Local\ClassInEDBMVP\installer-smoke\1.3.1-final\_internal\numpy\_core\_multiarray_umath.cp312-win_amd64.pyd
2026-07-27 14:48:59.950   Time stamp of our file: 2026-07-27 14:47:04.000
2026-07-27 14:48:59.950   Installing the file.
2026-07-27 14:49:00.023   Successfully installed the file.
2026-07-27 14:49:00.023   -- File entry --
2026-07-27 14:49:00.023   Dest filename: C:\Users\aaaha\AppData\Local\ClassInEDBMVP\installer-smoke\1.3.1-final\_internal\numpy-2.4.6.dist-info\DELVEWHEEL
2026-07-27 14:49:00.023   Time stamp of our file: 2026-07-27 14:47:04.000
2026-07-27 14:49:00.023   Installing the file.
2026-07-27 14:49:00.023   Creating directory: C:\Users\aaaha\AppData\Local\ClassInEDBMVP\installer-smoke\1.3.1-final\_internal\numpy-2.4.6.dist-info
2026-07-27 14:49:00.024   Successfully installed the file.
2026-07-27 14:49:00.024   -- File entry --
2026-07-27 14:49:00.024   Dest filename: C:\Users\aaaha\AppData\Local\ClassInEDBMVP\installer-smoke\1.3.1-final\_internal\numpy-2.4.6.dist-info\entry_points.txt
2026-07-27 14:49:00.024   Time stamp of our file: 2026-07-27 14:47:04.000
2026-07-27 14:49:00.024   Installing the file.
2026-07-27 14:49:00.026   Successfully installed the file.
2026-07-27 14:49:00.026   -- File entry --
2026-07-27 14:49:00.026   Dest filename: C:\Users\aaaha\AppData\Local\ClassInEDBMVP\installer-smoke\1.3.1-final\_internal\numpy-2.4.6.dist-info\INSTALLER
2026-07-27 14:49:00.026   Time stamp of our file: 2026-07-27 14:47:04.000
2026-07-27 14:49:00.026   Installing the file.
2026-07-27 14:49:00.027   Successfully installed the file.
2026-07-27 14:49:00.027   -- File entry --
2026-07-27 14:49:00.027   Dest filename: C:\Users\aaaha\AppData\Local\ClassInEDBMVP\installer-smoke\1.3.1-final\_internal\numpy-2.4.6.dist-info\METADATA
2026-07-27 14:49:00.027   Time stamp of our file: 2026-07-27 14:47:04.000
2026-07-27 14:49:00.027   Installing the file.
2026-07-27 14:49:00.029   Successfully installed the file.
2026-07-27 14:49:00.029   -- File entry --
2026-07-27 14:49:00.029   Dest filename: C:\Users\aaaha\AppData\Local\ClassInEDBMVP\installer-smoke\1.3.1-final\_internal\numpy-2.4.6.dist-info\RECORD
2026-07-27 14:49:00.029   Time stamp of our file: 2026-07-27 14:47:04.000
2026-07-27 14:49:00.029   Installing the file.
2026-07-27 14:49:00.032   Successfully installed the file.
2026-07-27 14:49:00.032   -- File entry --
2026-07-27 14:49:00.033   Dest filename: C:\Users\aaaha\AppData\Local\ClassInEDBMVP\installer-smoke\1.3.1-final\_internal\numpy-2.4.6.dist-info\REQUESTED
2026-07-27 14:49:00.033   Time stamp of our file: 2026-07-27 14:47:04.000
2026-07-27 14:49:00.033   Installing the file.
2026-07-27 14:49:00.033   Successfully installed the file.
2026-07-27 14:49:00.033   -- File entry --
2026-07-27 14:49:00.033   Dest filename: C:\Users\aaaha\AppData\Local\ClassInEDBMVP\installer-smoke\1.3.1-final\_internal\numpy-2.4.6.dist-info\WHEEL
2026-07-27 14:49:00.033   Time stamp of our file: 2026-07-27 14:47:04.000
2026-07-27 14:49:00.033   Installing the file.
2026-07-27 14:49:00.034   Successfully installed the file.
2026-07-27 14:49:00.034   -- File entry --
2026-07-27 14:49:00.034   Dest filename: C:\Users\aaaha\AppData\Local\ClassInEDBMVP\installer-smoke\1.3.1-final\_internal\numpy-2.4.6.dist-info\licenses\LICENSE.txt
2026-07-27 14:49:00.034   Time stamp of our file: 2026-07-27 14:47:04.000
2026-07-27 14:49:00.034   Installing the file.
2026-07-27 14:49:00.034   Creating directory: C:\Users\aaaha\AppData\Local\ClassInEDBMVP\installer-smoke\1.3.1-final\_internal\numpy-2.4.6.dist-info\licenses
2026-07-27 14:49:00.036   Successfully installed the file.
2026-07-27 14:49:00.037   -- File entry --
2026-07-27 14:49:00.037   Dest filename: C:\Users\aaaha\AppData\Local\ClassInEDBMVP\installer-smoke\1.3.1-final\_internal\numpy-2.4.6.dist-info\licenses\numpy\fft\pocketfft\LICENSE.md
2026-07-27 14:49:00.037   Time stamp of our file: 2026-07-27 14:47:04.000
2026-07-27 14:49:00.037   Installing the file.
2026-07-27 14:49:00.037   Creating directory: C:\Users\aaaha\AppData\Local\ClassInEDBMVP\installer-smoke\1.3.1-final\_internal\numpy-2.4.6.dist-info\licenses\numpy
2026-07-27 14:49:00.037   Creating directory: C:\Users\aaaha\AppData\Local\ClassInEDBMVP\installer-smoke\1.3.1-final\_internal\numpy-2.4.6.dist-info\licenses\numpy\fft
2026-07-27 14:49:00.037   Creating directory: C:\Users\aaaha\AppData\Local\ClassInEDBMVP\installer-smoke\1.3.1-final\_internal\numpy-2.4.6.dist-info\licenses\numpy\fft\pocketfft
2026-07-27 14:49:00.038   Successfully installed the file.
2026-07-27 14:49:00.038   -- File entry --
2026-07-27 14:49:00.038   Dest filename: C:\Users\aaaha\AppData\Local\ClassInEDBMVP\installer-smoke\1.3.1-final\_internal\numpy-2.4.6.dist-info\licenses\numpy\linalg\lapack_lite\LICENSE.txt
2026-07-27 14:49:00.038   Time stamp of our file: 2026-07-27 14:47:04.000
2026-07-27 14:49:00.038   Installing the file.
2026-07-27 14:49:00.038   Creating directory: C:\Users\aaaha\AppData\Local\ClassInEDBMVP\installer-smoke\1.3.1-final\_internal\numpy-2.4.6.dist-info\licenses\numpy\linalg
2026-07-27 14:49:00.038   Creating directory: C:\Users\aaaha\AppData\Local\ClassInEDBMVP\installer-smoke\1.3.1-final\_internal\numpy-2.4.6.dist-info\licenses\numpy\linalg\lapack_lite
2026-07-27 14:49:00.040   Successfully installed the file.
2026-07-27 14:49:00.040   -- File entry --
2026-07-27 14:49:00.040   Dest filename: C:\Users\aaaha\AppData\Local\ClassInEDBMVP\installer-smoke\1.3.1-final\_internal\numpy-2.4.6.dist-info\licenses\numpy\ma\LICENSE
2026-07-27 14:49:00.040   Time stamp of our file: 2026-07-27 14:47:04.000
2026-07-27 14:49:00.040   Installing the file.
2026-07-27 14:49:00.040   Creating directory: C:\Users\aaaha\AppData\Local\ClassInEDBMVP\installer-smoke\1.3.1-final\_internal\numpy-2.4.6.dist-info\licenses\numpy\ma
2026-07-27 14:49:00.041   Successfully installed the file.
2026-07-27 14:49:00.041   -- File entry --
2026-07-27 14:49:00.041   Dest filename: C:\Users\aaaha\AppData\Local\ClassInEDBMVP\installer-smoke\1.3.1-final\_internal\numpy-2.4.6.dist-info\licenses\numpy\random\LICENSE.md
2026-07-27 14:49:00.041   Time stamp of our file: 2026-07-27 14:47:04.000
2026-07-27 14:49:00.041   Installing the file.
2026-07-27 14:49:00.041   Creating directory: C:\Users\aaaha\AppData\Local\ClassInEDBMVP\installer-smoke\1.3.1-final\_internal\numpy-2.4.6.dist-info\licenses\numpy\random
2026-07-27 14:49:00.042   Successfully installed the file.
2026-07-27 14:49:00.042   -- File entry --
2026-07-27 14:49:00.042   Dest filename: C:\Users\aaaha\AppData\Local\ClassInEDBMVP\installer-smoke\1.3.1-final\_internal\numpy-2.4.6.dist-info\licenses\numpy\random\src\distributions\LICENSE.md
2026-07-27 14:49:00.043   Time stamp of our file: 2026-07-27 14:47:04.000
2026-07-27 14:49:00.043   Installing the file.
2026-07-27 14:49:00.043   Creating directory: C:\Users\aaaha\AppData\Local\ClassInEDBMVP\installer-smoke\1.3.1-final\_internal\numpy-2.4.6.dist-info\licenses\numpy\random\src
2026-07-27 14:49:00.043   Creating directory: C:\Users\aaaha\AppData\Local\ClassInEDBMVP\installer-smoke\1.3.1-final\_internal\numpy-2.4.6.dist-info\licenses\numpy\random\src\distributions
2026-07-27 14:49:00.044   Successfully installed the file.
2026-07-27 14:49:00.044   -- File entry --
2026-07-27 14:49:00.045   Dest filename: C:\Users\aaaha\AppData\Local\ClassInEDBMVP\installer-smoke\1.3.1-final\_internal\numpy-2.4.6.dist-info\licenses\numpy\random\src\mt19937\LICENSE.md
2026-07-27 14:49:00.045   Time stamp of our file: 2026-07-27 14:47:04.000
2026-07-27 14:49:00.045   Installing the file.
2026-07-27 14:49:00.045   Creating directory: C:\Users\aaaha\AppData\Local\ClassInEDBMVP\installer-smoke\1.3.1-final\_internal\numpy-2.4.6.dist-info\licenses\numpy\random\src\mt19937
2026-07-27 14:49:00.046   Successfully installed the file.
2026-07-27 14:49:00.046   -- File entry --
2026-07-27 14:49:00.046   Dest filename: C:\Users\aaaha\AppData\Local\ClassInEDBMVP\installer-smoke\1.3.1-final\_internal\numpy-2.4.6.dist-info\licenses\numpy\random\src\pcg64\LICENSE.md
2026-07-27 14:49:00.046   Time stamp of our file: 2026-07-27 14:47:04.000
2026-07-27 14:49:00.046   Installing the file.
2026-07-27 14:49:00.046   Creating directory: C:\Users\aaaha\AppData\Local\ClassInEDBMVP\installer-smoke\1.3.1-final\_internal\numpy-2.4.6.dist-info\licenses\numpy\random\src\pcg64
2026-07-27 14:49:00.048   Successfully installed the file.
2026-07-27 14:49:00.048   -- File entry --
2026-07-27 14:49:00.048   Dest filename: C:\Users\aaaha\AppData\Local\ClassInEDBMVP\installer-smoke\1.3.1-final\_internal\numpy-2.4.6.dist-info\licenses\numpy\random\src\philox\LICENSE.md
2026-07-27 14:49:00.048   Time stamp of our file: 2026-07-27 14:47:04.000
2026-07-27 14:49:00.048   Installing the file.
2026-07-27 14:49:00.048   Creating directory: C:\Users\aaaha\AppData\Local\ClassInEDBMVP\installer-smoke\1.3.1-final\_internal\numpy-2.4.6.dist-info\licenses\numpy\random\src\philox
2026-07-27 14:49:00.049   Successfully installed the file.
2026-07-27 14:49:00.049   -- File entry --
2026-07-27 14:49:00.049   Dest filename: C:\Users\aaaha\AppData\Local\ClassInEDBMVP\installer-smoke\1.3.1-final\_internal\numpy-2.4.6.dist-info\licenses\numpy\random\src\sfc64\LICENSE.md
2026-07-27 14:49:00.050   Time stamp of our file: 2026-07-27 14:47:04.000
2026-07-27 14:49:00.050   Installing the file.
2026-07-27 14:49:00.050   Creating directory: C:\Users\aaaha\AppData\Local\ClassInEDBMVP\installer-smoke\1.3.1-final\_internal\numpy-2.4.6.dist-info\licenses\numpy\random\src\sfc64
2026-07-27 14:49:00.051   Successfully installed the file.
2026-07-27 14:49:00.051   -- File entry --
2026-07-27 14:49:00.051   Dest filename: C:\Users\aaaha\AppData\Local\ClassInEDBMVP\installer-smoke\1.3.1-final\_internal\numpy-2.4.6.dist-info\licenses\numpy\random\src\splitmix64\LICENSE.md
2026-07-27 14:49:00.051   Time stamp of our file: 2026-07-27 14:47:04.000
2026-07-27 14:49:00.051   Installing the file.
2026-07-27 14:49:00.051   Creating directory: C:\Users\aaaha\AppData\Local\ClassInEDBMVP\installer-smoke\1.3.1-final\_internal\numpy-2.4.6.dist-info\licenses\numpy\random\src\splitmix64
2026-07-27 14:49:00.052   Successfully installed the file.
2026-07-27 14:49:00.053   -- File entry --
2026-07-27 14:49:00.053   Dest filename: C:\Users\aaaha\AppData\Local\ClassInEDBMVP\installer-smoke\1.3.1-final\_internal\numpy-2.4.6.dist-info\licenses\numpy\_core\include\numpy\libdivide\LICENSE.txt
2026-07-27 14:49:00.053   Time stamp of our file: 2026-07-27 14:47:04.000
2026-07-27 14:49:00.053   Installing the file.
2026-07-27 14:49:00.053   Creating directory: C:\Users\aaaha\AppData\Local\ClassInEDBMVP\installer-smoke\1.3.1-final\_internal\numpy-2.4.6.dist-info\licenses\numpy\_core
2026-07-27 14:49:00.053   Creating directory: C:\Users\aaaha\AppData\Local\ClassInEDBMVP\installer-smoke\1.3.1-final\_internal\numpy-2.4.6.dist-info\licenses\numpy\_core\include
2026-07-27 14:49:00.053   Creating directory: C:\Users\aaaha\AppData\Local\ClassInEDBMVP\installer-smoke\1.3.1-final\_internal\numpy-2.4.6.dist-info\licenses\numpy\_core\include\numpy
2026-07-27 14:49:00.054   Creating directory: C:\Users\aaaha\AppData\Local\ClassInEDBMVP\installer-smoke\1.3.1-final\_internal\numpy-2.4.6.dist-info\licenses\numpy\_core\include\numpy\libdivide
2026-07-27 14:49:00.055   Successfully installed the file.
2026-07-27 14:49:00.055   -- File entry --
2026-07-27 14:49:00.056   Dest filename: C:\Users\aaaha\AppData\Local\ClassInEDBMVP\installer-smoke\1.3.1-final\_internal\numpy-2.4.6.dist-info\licenses\numpy\_core\src\common\pythoncapi-compat\COPYING
2026-07-27 14:49:00.056   Time stamp of our file: 2026-07-27 14:47:04.000
2026-07-27 14:49:00.056   Installing the file.
2026-07-27 14:49:00.056   Creating directory: C:\Users\aaaha\AppData\Local\ClassInEDBMVP\installer-smoke\1.3.1-final\_internal\numpy-2.4.6.dist-info\licenses\numpy\_core\src
2026-07-27 14:49:00.056   Creating directory: C:\Users\aaaha\AppData\Local\ClassInEDBMVP\installer-smoke\1.3.1-final\_internal\numpy-2.4.6.dist-info\licenses\numpy\_core\src\common
2026-07-27 14:49:00.056   Creating directory: C:\Users\aaaha\AppData\Local\ClassInEDBMVP\installer-smoke\1.3.1-final\_internal\numpy-2.4.6.dist-info\licenses\numpy\_core\src\common\pythoncapi-compat
2026-07-27 14:49:00.057   Successfully installed the file.
2026-07-27 14:49:00.057   -- File entry --
2026-07-27 14:49:00.058   Dest filename: C:\Users\aaaha\AppData\Local\ClassInEDBMVP\installer-smoke\1.3.1-final\_internal\numpy-2.4.6.dist-info\licenses\numpy\_core\src\highway\LICENSE
2026-07-27 14:49:00.058   Time stamp of our file: 2026-07-27 14:47:04.000
2026-07-27 14:49:00.058   Installing the file.
2026-07-27 14:49:00.058   Creating directory: C:\Users\aaaha\AppData\Local\ClassInEDBMVP\installer-smoke\1.3.1-final\_internal\numpy-2.4.6.dist-info\licenses\numpy\_core\src\highway
2026-07-27 14:49:00.059   Successfully installed the file.
2026-07-27 14:49:00.059   -- File entry --
2026-07-27 14:49:00.059   Dest filename: C:\Users\aaaha\AppData\Local\ClassInEDBMVP\installer-smoke\1.3.1-final\_internal\numpy-2.4.6.dist-info\licenses\numpy\_core\src\multiarray\dragon4_LICENSE.txt
2026-07-27 14:49:00.060   Time stamp of our file: 2026-07-27 14:47:04.000
2026-07-27 14:49:00.060   Installing the file.
2026-07-27 14:49:00.060   Creating directory: C:\Users\aaaha\AppData\Local\ClassInEDBMVP\installer-smoke\1.3.1-final\_internal\numpy-2.4.6.dist-info\licenses\numpy\_core\src\multiarray
2026-07-27 14:49:00.061   Successfully installed the file.
2026-07-27 14:49:00.061   -- File entry --
2026-07-27 14:49:00.061   Dest filename: C:\Users\aaaha\AppData\Local\ClassInEDBMVP\installer-smoke\1.3.1-final\_internal\numpy-2.4.6.dist-info\licenses\numpy\_core\src\npysort\x86-simd-sort\LICENSE.md
2026-07-27 14:49:00.061   Time stamp of our file: 2026-07-27 14:47:04.000
2026-07-27 14:49:00.061   Installing the file.
2026-07-27 14:49:00.061   Creating directory: C:\Users\aaaha\AppData\Local\ClassInEDBMVP\installer-smoke\1.3.1-final\_internal\numpy-2.4.6.dist-info\licenses\numpy\_core\src\npysort
2026-07-27 14:49:00.061   Creating directory: C:\Users\aaaha\AppData\Local\ClassInEDBMVP\installer-smoke\1.3.1-final\_internal\numpy-2.4.6.dist-info\licenses\numpy\_core\src\npysort\x86-simd-sort
2026-07-27 14:49:00.062   Successfully installed the file.
2026-07-27 14:49:00.062   -- File entry --
2026-07-27 14:49:00.063   Dest filename: C:\Users\aaaha\AppData\Local\ClassInEDBMVP\installer-smoke\1.3.1-final\_internal\numpy-2.4.6.dist-info\licenses\numpy\_core\src\umath\svml\LICENSE
2026-07-27 14:49:00.063   Time stamp of our file: 2026-07-27 14:47:04.000
2026-07-27 14:49:00.063   Installing the file.
2026-07-27 14:49:00.063   Creating directory: C:\Users\aaaha\AppData\Local\ClassInEDBMVP\installer-smoke\1.3.1-final\_internal\numpy-2.4.6.dist-info\licenses\numpy\_core\src\umath
2026-07-27 14:49:00.063   Creating directory: C:\Users\aaaha\AppData\Local\ClassInEDBMVP\installer-smoke\1.3.1-final\_internal\numpy-2.4.6.dist-info\licenses\numpy\_core\src\umath\svml
2026-07-27 14:49:00.064   Successfully installed the file.
2026-07-27 14:49:00.064   -- File entry --
2026-07-27 14:49:00.064   Dest filename: C:\Users\aaaha\AppData\Local\ClassInEDBMVP\installer-smoke\1.3.1-final\_internal\numpy.libs\libscipy_openblas64_-63c857e738469261263c764a36be9436.dll
2026-07-27 14:49:00.064   Time stamp of our file: 2026-07-27 14:47:04.000
2026-07-27 14:49:00.064   Installing the file.
2026-07-27 14:49:00.064   Creating directory: C:\Users\aaaha\AppData\Local\ClassInEDBMVP\installer-smoke\1.3.1-final\_internal\numpy.libs
2026-07-27 14:49:00.367   Successfully installed the file.
2026-07-27 14:49:00.367   -- File entry --
2026-07-27 14:49:00.367   Dest filename: C:\Users\aaaha\AppData\Local\ClassInEDBMVP\installer-smoke\1.3.1-final\_internal\numpy.libs\msvcp140-a4c2229bdc2a2a630acdc095b4d86008.dll
2026-07-27 14:49:00.367   Time stamp of our file: 2026-07-27 14:47:04.000
2026-07-27 14:49:00.367   Installing the file.
2026-07-27 14:49:00.378   Successfully installed the file.
2026-07-27 14:49:00.378   -- File entry --
2026-07-27 14:49:00.378   Dest filename: C:\Users\aaaha\AppData\Local\ClassInEDBMVP\installer-smoke\1.3.1-final\_internal\PIL\_avif.cp312-win_amd64.pyd
2026-07-27 14:49:00.379   Time stamp of our file: 2026-07-27 14:47:04.000
2026-07-27 14:49:00.379   Installing the file.
2026-07-27 14:49:00.379   Creating directory: C:\Users\aaaha\AppData\Local\ClassInEDBMVP\installer-smoke\1.3.1-final\_internal\PIL
2026-07-27 14:49:00.494   Successfully installed the file.
2026-07-27 14:49:00.494   -- File entry --
2026-07-27 14:49:00.494   Dest filename: C:\Users\aaaha\AppData\Local\ClassInEDBMVP\installer-smoke\1.3.1-final\_internal\PIL\_imaging.cp312-win_amd64.pyd
2026-07-27 14:49:00.494   Time stamp of our file: 2026-07-27 14:47:04.000
2026-07-27 14:49:00.494   Installing the file.
2026-07-27 14:49:00.553   Successfully installed the file.
2026-07-27 14:49:00.553   -- File entry --
2026-07-27 14:49:00.553   Dest filename: C:\Users\aaaha\AppData\Local\ClassInEDBMVP\installer-smoke\1.3.1-final\_internal\PIL\_imagingcms.cp312-win_amd64.pyd
2026-07-27 14:49:00.553   Time stamp of our file: 2026-07-27 14:47:04.000
2026-07-27 14:49:00.553   Installing the file.
2026-07-27 14:49:00.562   Successfully installed the file.
2026-07-27 14:49:00.562   -- File entry --
2026-07-27 14:49:00.562   Dest filename: C:\Users\aaaha\AppData\Local\ClassInEDBMVP\installer-smoke\1.3.1-final\_internal\PIL\_imagingft.cp312-win_amd64.pyd
2026-07-27 14:49:00.562   Time stamp of our file: 2026-07-27 14:47:04.000
2026-07-27 14:49:00.562   Installing the file.
2026-07-27 14:49:00.613   Successfully installed the file.
2026-07-27 14:49:00.613   -- File entry --
2026-07-27 14:49:00.613   Dest filename: C:\Users\aaaha\AppData\Local\ClassInEDBMVP\installer-smoke\1.3.1-final\_internal\PIL\_imagingmath.cp312-win_amd64.pyd
2026-07-27 14:49:00.613   Time stamp of our file: 2026-07-27 14:47:04.000
2026-07-27 14:49:00.613   Installing the file.
2026-07-27 14:49:00.614   Successfully installed the file.
2026-07-27 14:49:00.614   -- File entry --
2026-07-27 14:49:00.614   Dest filename: C:\Users\aaaha\AppData\Local\ClassInEDBMVP\installer-smoke\1.3.1-final\_internal\PIL\_imagingtk.cp312-win_amd64.pyd
2026-07-27 14:49:00.614   Time stamp of our file: 2026-07-27 14:47:04.000
2026-07-27 14:49:00.614   Installing the file.
2026-07-27 14:49:00.616   Successfully installed the file.
2026-07-27 14:49:00.616   -- File entry --
2026-07-27 14:49:00.616   Dest filename: C:\Users\aaaha\AppData\Local\ClassInEDBMVP\installer-smoke\1.3.1-final\_internal\PIL\_webp.cp312-win_amd64.pyd
2026-07-27 14:49:00.616   Time stamp of our file: 2026-07-27 14:47:04.000
2026-07-27 14:49:00.616   Installing the file.
2026-07-27 14:49:00.622   Successfully installed the file.
2026-07-27 14:49:00.622   -- File entry --
2026-07-27 14:49:00.622   Dest filename: C:\Users\aaaha\AppData\Local\ClassInEDBMVP\installer-smoke\1.3.1-final\_internal\pymupdf\mupdfcpp64.dll
2026-07-27 14:49:00.623   Time stamp of our file: 2026-07-27 14:47:04.000
2026-07-27 14:49:00.623   Installing the file.
2026-07-27 14:49:00.623   Creating directory: C:\Users\aaaha\AppData\Local\ClassInEDBMVP\installer-smoke\1.3.1-final\_internal\pymupdf
2026-07-27 14:49:01.274   Successfully installed the file.
2026-07-27 14:49:01.274   -- File entry --
2026-07-27 14:49:01.274   Dest filename: C:\Users\aaaha\AppData\Local\ClassInEDBMVP\installer-smoke\1.3.1-final\_internal\pymupdf\_extra.pyd
2026-07-27 14:49:01.274   Time stamp of our file: 2026-07-27 14:47:04.000
2026-07-27 14:49:01.274   Installing the file.
2026-07-27 14:49:01.279   Successfully installed the file.
2026-07-27 14:49:01.279   -- File entry --
2026-07-27 14:49:01.280   Dest filename: C:\Users\aaaha\AppData\Local\ClassInEDBMVP\installer-smoke\1.3.1-final\_internal\pymupdf\_mupdf.pyd
2026-07-27 14:49:01.280   Time stamp of our file: 2026-07-27 14:47:04.000
2026-07-27 14:49:01.280   Installing the file.
2026-07-27 14:49:01.449   Successfully installed the file.
2026-07-27 14:49:01.449   -- File entry --
2026-07-27 14:49:01.449   Dest filename: C:\Users\aaaha\AppData\Local\ClassInEDBMVP\installer-smoke\1.3.1-final\_internal\release_metadata\.edb-release-metadata-output
2026-07-27 14:49:01.449   Time stamp of our file: 2026-07-27 14:47:04.000
2026-07-27 14:49:01.449   Installing the file.
2026-07-27 14:49:01.449   Creating directory: C:\Users\aaaha\AppData\Local\ClassInEDBMVP\installer-smoke\1.3.1-final\_internal\release_metadata
2026-07-27 14:49:01.450   Successfully installed the file.
2026-07-27 14:49:01.451   -- File entry --
2026-07-27 14:49:01.451   Dest filename: C:\Users\aaaha\AppData\Local\ClassInEDBMVP\installer-smoke\1.3.1-final\_internal\release_metadata\dependency-inventory.json
2026-07-27 14:49:01.451   Time stamp of our file: 2026-07-27 14:47:04.000
2026-07-27 14:49:01.451   Installing the file.
2026-07-27 14:49:01.453   Successfully installed the file.
2026-07-27 14:49:01.453   -- File entry --
2026-07-27 14:49:01.453   Dest filename: C:\Users\aaaha\AppData\Local\ClassInEDBMVP\installer-smoke\1.3.1-final\_internal\release_metadata\metadata-manifest.json
2026-07-27 14:49:01.453   Time stamp of our file: 2026-07-27 14:47:04.000
2026-07-27 14:49:01.453   Installing the file.
2026-07-27 14:49:01.465   Successfully installed the file.
2026-07-27 14:49:01.465   -- File entry --
2026-07-27 14:49:01.465   Dest filename: C:\Users\aaaha\AppData\Local\ClassInEDBMVP\installer-smoke\1.3.1-final\_internal\release_metadata\release-provenance.json
2026-07-27 14:49:01.465   Time stamp of our file: 2026-07-27 14:47:04.000
2026-07-27 14:49:01.465   Installing the file.
2026-07-27 14:49:01.466   Successfully installed the file.
2026-07-27 14:49:01.466   -- File entry --
2026-07-27 14:49:01.466   Dest filename: C:\Users\aaaha\AppData\Local\ClassInEDBMVP\installer-smoke\1.3.1-final\_internal\release_metadata\sbom.spdx.json
2026-07-27 14:49:01.467   Time stamp of our file: 2026-07-27 14:47:04.000
2026-07-27 14:49:01.467   Installing the file.
2026-07-27 14:49:01.468   Successfully installed the file.
2026-07-27 14:49:01.468   -- File entry --
2026-07-27 14:49:01.469   Dest filename: C:\Users\aaaha\AppData\Local\ClassInEDBMVP\installer-smoke\1.3.1-final\_internal\release_metadata\THIRD_PARTY_NOTICES.md
2026-07-27 14:49:01.469   Time stamp of our file: 2026-07-27 14:47:04.000
2026-07-27 14:49:01.469   Installing the file.
2026-07-27 14:49:01.470   Successfully installed the file.
2026-07-27 14:49:01.470   -- File entry --
2026-07-27 14:49:01.470   Dest filename: C:\Users\aaaha\AppData\Local\ClassInEDBMVP\installer-smoke\1.3.1-final\_internal\release_metadata\license-files\altgraph\01-LICENSE
2026-07-27 14:49:01.470   Time stamp of our file: 2026-07-27 14:47:04.000
2026-07-27 14:49:01.470   Installing the file.
2026-07-27 14:49:01.470   Creating directory: C:\Users\aaaha\AppData\Local\ClassInEDBMVP\installer-smoke\1.3.1-final\_internal\release_metadata\license-files
2026-07-27 14:49:01.470   Creating directory: C:\Users\aaaha\AppData\Local\ClassInEDBMVP\installer-smoke\1.3.1-final\_internal\release_metadata\license-files\altgraph
2026-07-27 14:49:01.471   Successfully installed the file.
2026-07-27 14:49:01.471   -- File entry --
2026-07-27 14:49:01.471   Dest filename: C:\Users\aaaha\AppData\Local\ClassInEDBMVP\installer-smoke\1.3.1-final\_internal\release_metadata\license-files\annotated-types\01-LICENSE
2026-07-27 14:49:01.472   Time stamp of our file: 2026-07-27 14:47:04.000
2026-07-27 14:49:01.472   Installing the file.
2026-07-27 14:49:01.472   Creating directory: C:\Users\aaaha\AppData\Local\ClassInEDBMVP\installer-smoke\1.3.1-final\_internal\release_metadata\license-files\annotated-types
2026-07-27 14:49:01.473   Successfully installed the file.
2026-07-27 14:49:01.473   -- File entry --
2026-07-27 14:49:01.473   Dest filename: C:\Users\aaaha\AppData\Local\ClassInEDBMVP\installer-smoke\1.3.1-final\_internal\release_metadata\license-files\cffi\01-LICENSE
2026-07-27 14:49:01.473   Time stamp of our file: 2026-07-27 14:47:04.000
2026-07-27 14:49:01.473   Installing the file.
2026-07-27 14:49:01.473   Creating directory: C:\Users\aaaha\AppData\Local\ClassInEDBMVP\installer-smoke\1.3.1-final\_internal\release_metadata\license-files\cffi
2026-07-27 14:49:01.475   Successfully installed the file.
2026-07-27 14:49:01.475   -- File entry --
2026-07-27 14:49:01.475   Dest filename: C:\Users\aaaha\AppData\Local\ClassInEDBMVP\installer-smoke\1.3.1-final\_internal\release_metadata\license-files\cryptography\01-LICENSE
2026-07-27 14:49:01.475   Time stamp of our file: 2026-07-27 14:47:04.000
2026-07-27 14:49:01.475   Installing the file.
2026-07-27 14:49:01.475   Creating directory: C:\Users\aaaha\AppData\Local\ClassInEDBMVP\installer-smoke\1.3.1-final\_internal\release_metadata\license-files\cryptography
2026-07-27 14:49:01.476   Successfully installed the file.
2026-07-27 14:49:01.476   -- File entry --
2026-07-27 14:49:01.476   Dest filename: C:\Users\aaaha\AppData\Local\ClassInEDBMVP\installer-smoke\1.3.1-final\_internal\release_metadata\license-files\cryptography\02-LICENSE.APACHE
2026-07-27 14:49:01.476   Time stamp of our file: 2026-07-27 14:47:04.000
2026-07-27 14:49:01.476   Installing the file.
2026-07-27 14:49:01.478   Successfully installed the file.
2026-07-27 14:49:01.478   -- File entry --
2026-07-27 14:49:01.478   Dest filename: C:\Users\aaaha\AppData\Local\ClassInEDBMVP\installer-smoke\1.3.1-final\_internal\release_metadata\license-files\cryptography\03-LICENSE.BSD
2026-07-27 14:49:01.478   Time stamp of our file: 2026-07-27 14:47:04.000
2026-07-27 14:49:01.478   Installing the file.
2026-07-27 14:49:01.479   Successfully installed the file.
2026-07-27 14:49:01.479   -- File entry --
2026-07-27 14:49:01.479   Dest filename: C:\Users\aaaha\AppData\Local\ClassInEDBMVP\installer-smoke\1.3.1-final\_internal\release_metadata\license-files\hwp-hwpx-parser\01-LICENSE
2026-07-27 14:49:01.480   Time stamp of our file: 2026-07-27 14:47:04.000
2026-07-27 14:49:01.480   Installing the file.
2026-07-27 14:49:01.480   Creating directory: C:\Users\aaaha\AppData\Local\ClassInEDBMVP\installer-smoke\1.3.1-final\_internal\release_metadata\license-files\hwp-hwpx-parser
2026-07-27 14:49:01.481   Successfully installed the file.
2026-07-27 14:49:01.481   -- File entry --
2026-07-27 14:49:01.481   Dest filename: C:\Users\aaaha\AppData\Local\ClassInEDBMVP\installer-smoke\1.3.1-final\_internal\release_metadata\license-files\lxml\01-LICENSE.txt
2026-07-27 14:49:01.481   Time stamp of our file: 2026-07-27 14:47:04.000
2026-07-27 14:49:01.481   Installing the file.
2026-07-27 14:49:01.481   Creating directory: C:\Users\aaaha\AppData\Local\ClassInEDBMVP\installer-smoke\1.3.1-final\_internal\release_metadata\license-files\lxml
2026-07-27 14:49:01.482   Successfully installed the file.
2026-07-27 14:49:01.483   -- File entry --
2026-07-27 14:49:01.483   Dest filename: C:\Users\aaaha\AppData\Local\ClassInEDBMVP\installer-smoke\1.3.1-final\_internal\release_metadata\license-files\numpy\01-LICENSE.txt
2026-07-27 14:49:01.483   Time stamp of our file: 2026-07-27 14:47:04.000
2026-07-27 14:49:01.483   Installing the file.
2026-07-27 14:49:01.483   Creating directory: C:\Users\aaaha\AppData\Local\ClassInEDBMVP\installer-smoke\1.3.1-final\_internal\release_metadata\license-files\numpy
2026-07-27 14:49:01.485   Successfully installed the file.
2026-07-27 14:49:01.485   -- File entry --
2026-07-27 14:49:01.485   Dest filename: C:\Users\aaaha\AppData\Local\ClassInEDBMVP\installer-smoke\1.3.1-final\_internal\release_metadata\license-files\numpy\02-LICENSE.txt
2026-07-27 14:49:01.485   Time stamp of our file: 2026-07-27 14:47:04.000
2026-07-27 14:49:01.485   Installing the file.
2026-07-27 14:49:01.486   Successfully installed the file.
2026-07-27 14:49:01.487   -- File entry --
2026-07-27 14:49:01.487   Dest filename: C:\Users\aaaha\AppData\Local\ClassInEDBMVP\installer-smoke\1.3.1-final\_internal\release_metadata\license-files\numpy\03-COPYING
2026-07-27 14:49:01.487   Time stamp of our file: 2026-07-27 14:47:04.000
2026-07-27 14:49:01.487   Installing the file.
2026-07-27 14:49:01.488   Successfully installed the file.
2026-07-27 14:49:01.488   -- File entry --
2026-07-27 14:49:01.488   Dest filename: C:\Users\aaaha\AppData\Local\ClassInEDBMVP\installer-smoke\1.3.1-final\_internal\release_metadata\license-files\numpy\04-LICENSE
2026-07-27 14:49:01.488   Time stamp of our file: 2026-07-27 14:47:04.000
2026-07-27 14:49:01.488   Installing the file.
2026-07-27 14:49:01.489   Successfully installed the file.
2026-07-27 14:49:01.489   -- File entry --
2026-07-27 14:49:01.490   Dest filename: C:\Users\aaaha\AppData\Local\ClassInEDBMVP\installer-smoke\1.3.1-final\_internal\release_metadata\license-files\numpy\05-LICENSE.md
2026-07-27 14:49:01.490   Time stamp of our file: 2026-07-27 14:47:04.000
2026-07-27 14:49:01.490   Installing the file.
2026-07-27 14:49:01.490   Successfully installed the file.
2026-07-27 14:49:01.490   -- File entry --
2026-07-27 14:49:01.491   Dest filename: C:\Users\aaaha\AppData\Local\ClassInEDBMVP\installer-smoke\1.3.1-final\_internal\release_metadata\license-files\numpy\06-LICENSE
2026-07-27 14:49:01.491   Time stamp of our file: 2026-07-27 14:47:04.000
2026-07-27 14:49:01.491   Installing the file.
2026-07-27 14:49:01.492   Successfully installed the file.
2026-07-27 14:49:01.492   -- File entry --
2026-07-27 14:49:01.492   Dest filename: C:\Users\aaaha\AppData\Local\ClassInEDBMVP\installer-smoke\1.3.1-final\_internal\release_metadata\license-files\numpy\07-LICENSE.md
2026-07-27 14:49:01.492   Time stamp of our file: 2026-07-27 14:47:04.000
2026-07-27 14:49:01.492   Installing the file.
2026-07-27 14:49:01.493   Successfully installed the file.
2026-07-27 14:49:01.493   -- File entry --
2026-07-27 14:49:01.493   Dest filename: C:\Users\aaaha\AppData\Local\ClassInEDBMVP\installer-smoke\1.3.1-final\_internal\release_metadata\license-files\numpy\08-LICENSE.txt
2026-07-27 14:49:01.493   Time stamp of our file: 2026-07-27 14:47:04.000
2026-07-27 14:49:01.493   Installing the file.
2026-07-27 14:49:01.493   Successfully installed the file.
2026-07-27 14:49:01.493   -- File entry --
2026-07-27 14:49:01.493   Dest filename: C:\Users\aaaha\AppData\Local\ClassInEDBMVP\installer-smoke\1.3.1-final\_internal\release_metadata\license-files\numpy\09-LICENSE
2026-07-27 14:49:01.493   Time stamp of our file: 2026-07-27 14:47:04.000
2026-07-27 14:49:01.493   Installing the file.
2026-07-27 14:49:01.494   Successfully installed the file.
2026-07-27 14:49:01.494   -- File entry --
2026-07-27 14:49:01.495   Dest filename: C:\Users\aaaha\AppData\Local\ClassInEDBMVP\installer-smoke\1.3.1-final\_internal\release_metadata\license-files\numpy\10-LICENSE.md
2026-07-27 14:49:01.495   Time stamp of our file: 2026-07-27 14:47:04.000
2026-07-27 14:49:01.495   Installing the file.
2026-07-27 14:49:01.497   Successfully installed the file.
2026-07-27 14:49:01.497   -- File entry --
2026-07-27 14:49:01.497   Dest filename: C:\Users\aaaha\AppData\Local\ClassInEDBMVP\installer-smoke\1.3.1-final\_internal\release_metadata\license-files\numpy\11-LICENSE.md
2026-07-27 14:49:01.497   Time stamp of our file: 2026-07-27 14:47:04.000
2026-07-27 14:49:01.497   Installing the file.
2026-07-27 14:49:01.499   Successfully installed the file.
2026-07-27 14:49:01.499   -- File entry --
2026-07-27 14:49:01.499   Dest filename: C:\Users\aaaha\AppData\Local\ClassInEDBMVP\installer-smoke\1.3.1-final\_internal\release_metadata\license-files\numpy\12-LICENSE.md
2026-07-27 14:49:01.499   Time stamp of our file: 2026-07-27 14:47:04.000
2026-07-27 14:49:01.499   Installing the file.
2026-07-27 14:49:01.500   Successfully installed the file.
2026-07-27 14:49:01.500   -- File entry --
2026-07-27 14:49:01.500   Dest filename: C:\Users\aaaha\AppData\Local\ClassInEDBMVP\installer-smoke\1.3.1-final\_internal\release_metadata\license-files\numpy\13-LICENSE.md
2026-07-27 14:49:01.500   Time stamp of our file: 2026-07-27 14:47:04.000
2026-07-27 14:49:01.500   Installing the file.
2026-07-27 14:49:01.501   Successfully installed the file.
2026-07-27 14:49:01.501   -- File entry --
2026-07-27 14:49:01.501   Dest filename: C:\Users\aaaha\AppData\Local\ClassInEDBMVP\installer-smoke\1.3.1-final\_internal\release_metadata\license-files\numpy\14-LICENSE.md
2026-07-27 14:49:01.502   Time stamp of our file: 2026-07-27 14:47:04.000
2026-07-27 14:49:01.502   Installing the file.
2026-07-27 14:49:01.502   Successfully installed the file.
2026-07-27 14:49:01.503   -- File entry --
2026-07-27 14:49:01.503   Dest filename: C:\Users\aaaha\AppData\Local\ClassInEDBMVP\installer-smoke\1.3.1-final\_internal\release_metadata\license-files\numpy\15-LICENSE.md
2026-07-27 14:49:01.503   Time stamp of our file: 2026-07-27 14:47:04.000
2026-07-27 14:49:01.503   Installing the file.
2026-07-27 14:49:01.503   Successfully installed the file.
2026-07-27 14:49:01.503   -- File entry --
2026-07-27 14:49:01.503   Dest filename: C:\Users\aaaha\AppData\Local\ClassInEDBMVP\installer-smoke\1.3.1-final\_internal\release_metadata\license-files\numpy\16-LICENSE.md
2026-07-27 14:49:01.504   Time stamp of our file: 2026-07-27 14:47:04.000
2026-07-27 14:49:01.504   Installing the file.
2026-07-27 14:49:01.504   Successfully installed the file.
2026-07-27 14:49:01.504   -- File entry --
2026-07-27 14:49:01.504   Dest filename: C:\Users\aaaha\AppData\Local\ClassInEDBMVP\installer-smoke\1.3.1-final\_internal\release_metadata\license-files\numpy\17-LICENSE.txt
2026-07-27 14:49:01.505   Time stamp of our file: 2026-07-27 14:47:04.000
2026-07-27 14:49:01.505   Installing the file.
2026-07-27 14:49:01.505   Successfully installed the file.
2026-07-27 14:49:01.505   -- File entry --
2026-07-27 14:49:01.506   Dest filename: C:\Users\aaaha\AppData\Local\ClassInEDBMVP\installer-smoke\1.3.1-final\_internal\release_metadata\license-files\numpy\18-LICENSE
2026-07-27 14:49:01.506   Time stamp of our file: 2026-07-27 14:47:04.000
2026-07-27 14:49:01.506   Installing the file.
2026-07-27 14:49:01.506   Successfully installed the file.
2026-07-27 14:49:01.507   -- File entry --
2026-07-27 14:49:01.507   Dest filename: C:\Users\aaaha\AppData\Local\ClassInEDBMVP\installer-smoke\1.3.1-final\_internal\release_metadata\license-files\numpy\19-LICENSE.md
2026-07-27 14:49:01.507   Time stamp of our file: 2026-07-27 14:47:04.000
2026-07-27 14:49:01.507   Installing the file.
2026-07-27 14:49:01.508   Successfully installed the file.
2026-07-27 14:49:01.508   -- File entry --
2026-07-27 14:49:01.508   Dest filename: C:\Users\aaaha\AppData\Local\ClassInEDBMVP\installer-smoke\1.3.1-final\_internal\release_metadata\license-files\olefile\01-LICENSE.txt
2026-07-27 14:49:01.508   Time stamp of our file: 2026-07-27 14:47:04.000
2026-07-27 14:49:01.508   Installing the file.
2026-07-27 14:49:01.508   Creating directory: C:\Users\aaaha\AppData\Local\ClassInEDBMVP\installer-smoke\1.3.1-final\_internal\release_metadata\license-files\olefile
2026-07-27 14:49:01.509   Successfully installed the file.
2026-07-27 14:49:01.509   -- File entry --
2026-07-27 14:49:01.509   Dest filename: C:\Users\aaaha\AppData\Local\ClassInEDBMVP\installer-smoke\1.3.1-final\_internal\release_metadata\license-files\olefile\02-License.html
2026-07-27 14:49:01.509   Time stamp of our file: 2026-07-27 14:47:04.000
2026-07-27 14:49:01.509   Installing the file.
2026-07-27 14:49:01.510   Successfully installed the file.
2026-07-27 14:49:01.510   -- File entry --
2026-07-27 14:49:01.510   Dest filename: C:\Users\aaaha\AppData\Local\ClassInEDBMVP\installer-smoke\1.3.1-final\_internal\release_metadata\license-files\olefile\03-License.md
2026-07-27 14:49:01.510   Time stamp of our file: 2026-07-27 14:47:04.000
2026-07-27 14:49:01.510   Installing the file.
2026-07-27 14:49:01.511   Successfully installed the file.
2026-07-27 14:49:01.511   -- File entry --
2026-07-27 14:49:01.511   Dest filename: C:\Users\aaaha\AppData\Local\ClassInEDBMVP\installer-smoke\1.3.1-final\_internal\release_metadata\license-files\olefile\04-LICENSE.txt
2026-07-27 14:49:01.511   Time stamp of our file: 2026-07-27 14:47:04.000
2026-07-27 14:49:01.511   Installing the file.
2026-07-27 14:49:01.512   Successfully installed the file.
2026-07-27 14:49:01.512   -- File entry --
2026-07-27 14:49:01.512   Dest filename: C:\Users\aaaha\AppData\Local\ClassInEDBMVP\installer-smoke\1.3.1-final\_internal\release_metadata\license-files\opencv-python-headless\01-LICENSE-3RD-PARTY.txt
2026-07-27 14:49:01.512   Time stamp of our file: 2026-07-27 14:47:04.000
2026-07-27 14:49:01.512   Installing the file.
2026-07-27 14:49:01.512   Creating directory: C:\Users\aaaha\AppData\Local\ClassInEDBMVP\installer-smoke\1.3.1-final\_internal\release_metadata\license-files\opencv-python-headless
2026-07-27 14:49:01.516   Successfully installed the file.
2026-07-27 14:49:01.516   -- File entry --
2026-07-27 14:49:01.517   Dest filename: C:\Users\aaaha\AppData\Local\ClassInEDBMVP\installer-smoke\1.3.1-final\_internal\release_metadata\license-files\opencv-python-headless\02-LICENSE.txt
2026-07-27 14:49:01.517   Time stamp of our file: 2026-07-27 14:47:04.000
2026-07-27 14:49:01.517   Installing the file.
2026-07-27 14:49:01.517   Successfully installed the file.
2026-07-27 14:49:01.517   -- File entry --
2026-07-27 14:49:01.518   Dest filename: C:\Users\aaaha\AppData\Local\ClassInEDBMVP\installer-smoke\1.3.1-final\_internal\release_metadata\license-files\opencv-python-headless\03-LICENSE-3RD-PARTY.txt
2026-07-27 14:49:01.518   Time stamp of our file: 2026-07-27 14:47:04.000
2026-07-27 14:49:01.518   Installing the file.
2026-07-27 14:49:01.520   Successfully installed the file.
2026-07-27 14:49:01.520   -- File entry --
2026-07-27 14:49:01.520   Dest filename: C:\Users\aaaha\AppData\Local\ClassInEDBMVP\installer-smoke\1.3.1-final\_internal\release_metadata\license-files\opencv-python-headless\04-LICENSE.txt
2026-07-27 14:49:01.520   Time stamp of our file: 2026-07-27 14:47:04.000
2026-07-27 14:49:01.520   Installing the file.
2026-07-27 14:49:01.521   Successfully installed the file.
2026-07-27 14:49:01.521   -- File entry --
2026-07-27 14:49:01.521   Dest filename: C:\Users\aaaha\AppData\Local\ClassInEDBMVP\installer-smoke\1.3.1-final\_internal\release_metadata\license-files\packaging\01-LICENSE
2026-07-27 14:49:01.521   Time stamp of our file: 2026-07-27 14:47:04.000
2026-07-27 14:49:01.521   Installing the file.
2026-07-27 14:49:01.521   Creating directory: C:\Users\aaaha\AppData\Local\ClassInEDBMVP\installer-smoke\1.3.1-final\_internal\release_metadata\license-files\packaging
2026-07-27 14:49:01.522   Successfully installed the file.
2026-07-27 14:49:01.522   -- File entry --
2026-07-27 14:49:01.522   Dest filename: C:\Users\aaaha\AppData\Local\ClassInEDBMVP\installer-smoke\1.3.1-final\_internal\release_metadata\license-files\packaging\02-LICENSE.APACHE
2026-07-27 14:49:01.522   Time stamp of our file: 2026-07-27 14:47:04.000
2026-07-27 14:49:01.522   Installing the file.
2026-07-27 14:49:01.523   Successfully installed the file.
2026-07-27 14:49:01.523   -- File entry --
2026-07-27 14:49:01.523   Dest filename: C:\Users\aaaha\AppData\Local\ClassInEDBMVP\installer-smoke\1.3.1-final\_internal\release_metadata\license-files\packaging\03-LICENSE.BSD
2026-07-27 14:49:01.523   Time stamp of our file: 2026-07-27 14:47:04.000
2026-07-27 14:49:01.523   Installing the file.
2026-07-27 14:49:01.523   Successfully installed the file.
2026-07-27 14:49:01.523   -- File entry --
2026-07-27 14:49:01.523   Dest filename: C:\Users\aaaha\AppData\Local\ClassInEDBMVP\installer-smoke\1.3.1-final\_internal\release_metadata\license-files\pefile\01-LICENSE
2026-07-27 14:49:01.524   Time stamp of our file: 2026-07-27 14:47:04.000
2026-07-27 14:49:01.524   Installing the file.
2026-07-27 14:49:01.524   Creating directory: C:\Users\aaaha\AppData\Local\ClassInEDBMVP\installer-smoke\1.3.1-final\_internal\release_metadata\license-files\pefile
2026-07-27 14:49:01.524   Successfully installed the file.
2026-07-27 14:49:01.525   -- File entry --
2026-07-27 14:49:01.525   Dest filename: C:\Users\aaaha\AppData\Local\ClassInEDBMVP\installer-smoke\1.3.1-final\_internal\release_metadata\license-files\pillow\01-LICENSE
2026-07-27 14:49:01.525   Time stamp of our file: 2026-07-27 14:47:04.000
2026-07-27 14:49:01.525   Installing the file.
2026-07-27 14:49:01.525   Creating directory: C:\Users\aaaha\AppData\Local\ClassInEDBMVP\installer-smoke\1.3.1-final\_internal\release_metadata\license-files\pillow
2026-07-27 14:49:01.526   Successfully installed the file.
2026-07-27 14:49:01.526   -- File entry --
2026-07-27 14:49:01.526   Dest filename: C:\Users\aaaha\AppData\Local\ClassInEDBMVP\installer-smoke\1.3.1-final\_internal\release_metadata\license-files\pip\01-LICENSE.txt
2026-07-27 14:49:01.526   Time stamp of our file: 2026-07-27 14:47:04.000
2026-07-27 14:49:01.526   Installing the file.
2026-07-27 14:49:01.527   Creating directory: C:\Users\aaaha\AppData\Local\ClassInEDBMVP\installer-smoke\1.3.1-final\_internal\release_metadata\license-files\pip
2026-07-27 14:49:01.527   Successfully installed the file.
2026-07-27 14:49:01.527   -- File entry --
2026-07-27 14:49:01.527   Dest filename: C:\Users\aaaha\AppData\Local\ClassInEDBMVP\installer-smoke\1.3.1-final\_internal\release_metadata\license-files\pip\02-LICENSE.txt
2026-07-27 14:49:01.528   Time stamp of our file: 2026-07-27 14:47:04.000
2026-07-27 14:49:01.528   Installing the file.
2026-07-27 14:49:01.528   Successfully installed the file.
2026-07-27 14:49:01.528   -- File entry --
2026-07-27 14:49:01.528   Dest filename: C:\Users\aaaha\AppData\Local\ClassInEDBMVP\installer-smoke\1.3.1-final\_internal\release_metadata\license-files\pip\03-LICENSE
2026-07-27 14:49:01.529   Time stamp of our file: 2026-07-27 14:47:04.000
2026-07-27 14:49:01.529   Installing the file.
2026-07-27 14:49:01.530   Successfully installed the file.
2026-07-27 14:49:01.530   -- File entry --
2026-07-27 14:49:01.530   Dest filename: C:\Users\aaaha\AppData\Local\ClassInEDBMVP\installer-smoke\1.3.1-final\_internal\release_metadata\license-files\pip\04-LICENSE.txt
2026-07-27 14:49:01.530   Time stamp of our file: 2026-07-27 14:47:04.000
2026-07-27 14:49:01.530   Installing the file.
2026-07-27 14:49:01.531   Successfully installed the file.
2026-07-27 14:49:01.532   -- File entry --
2026-07-27 14:49:01.532   Dest filename: C:\Users\aaaha\AppData\Local\ClassInEDBMVP\installer-smoke\1.3.1-final\_internal\release_metadata\license-files\pip\05-LICENSE
2026-07-27 14:49:01.532   Time stamp of our file: 2026-07-27 14:47:04.000
2026-07-27 14:49:01.532   Installing the file.
2026-07-27 14:49:01.533   Successfully installed the file.
2026-07-27 14:49:01.533   -- File entry --
2026-07-27 14:49:01.533   Dest filename: C:\Users\aaaha\AppData\Local\ClassInEDBMVP\installer-smoke\1.3.1-final\_internal\release_metadata\license-files\pip\06-LICENSE.md
2026-07-27 14:49:01.533   Time stamp of our file: 2026-07-27 14:47:04.000
2026-07-27 14:49:01.533   Installing the file.
2026-07-27 14:49:01.551   Successfully installed the file.
2026-07-27 14:49:01.551   -- File entry --
2026-07-27 14:49:01.551   Dest filename: C:\Users\aaaha\AppData\Local\ClassInEDBMVP\installer-smoke\1.3.1-final\_internal\release_metadata\license-files\pip\07-COPYING
2026-07-27 14:49:01.552   Time stamp of our file: 2026-07-27 14:47:04.000
2026-07-27 14:49:01.552   Installing the file.
2026-07-27 14:49:01.552   Successfully installed the file.
2026-07-27 14:49:01.553   -- File entry --
2026-07-27 14:49:01.553   Dest filename: C:\Users\aaaha\AppData\Local\ClassInEDBMVP\installer-smoke\1.3.1-final\_internal\release_metadata\license-files\pip\08-LICENSE
2026-07-27 14:49:01.553   Time stamp of our file: 2026-07-27 14:47:04.000
2026-07-27 14:49:01.553   Installing the file.
2026-07-27 14:49:01.554   Successfully installed the file.
2026-07-27 14:49:01.554   -- File entry --
2026-07-27 14:49:01.554   Dest filename: C:\Users\aaaha\AppData\Local\ClassInEDBMVP\installer-smoke\1.3.1-final\_internal\release_metadata\license-files\pip\09-LICENSE.APACHE
2026-07-27 14:49:01.554   Time stamp of our file: 2026-07-27 14:47:04.000
2026-07-27 14:49:01.554   Installing the file.
2026-07-27 14:49:01.557   Successfully installed the file.
2026-07-27 14:49:01.557   -- File entry --
2026-07-27 14:49:01.557   Dest filename: C:\Users\aaaha\AppData\Local\ClassInEDBMVP\installer-smoke\1.3.1-final\_internal\release_metadata\license-files\pip\10-LICENSE.BSD
2026-07-27 14:49:01.557   Time stamp of our file: 2026-07-27 14:47:04.000
2026-07-27 14:49:01.557   Installing the file.
2026-07-27 14:49:01.558   Successfully installed the file.
2026-07-27 14:49:01.558   -- File entry --
2026-07-27 14:49:01.558   Dest filename: C:\Users\aaaha\AppData\Local\ClassInEDBMVP\installer-smoke\1.3.1-final\_internal\release_metadata\license-files\pip\11-LICENSE
2026-07-27 14:49:01.558   Time stamp of our file: 2026-07-27 14:47:04.000
2026-07-27 14:49:01.558   Installing the file.
2026-07-27 14:49:01.559   Successfully installed the file.
2026-07-27 14:49:01.559   -- File entry --
2026-07-27 14:49:01.559   Dest filename: C:\Users\aaaha\AppData\Local\ClassInEDBMVP\installer-smoke\1.3.1-final\_internal\release_metadata\license-files\pip\12-LICENSE
2026-07-27 14:49:01.559   Time stamp of our file: 2026-07-27 14:47:04.000
2026-07-27 14:49:01.559   Installing the file.
2026-07-27 14:49:01.560   Successfully installed the file.
2026-07-27 14:49:01.560   -- File entry --
2026-07-27 14:49:01.560   Dest filename: C:\Users\aaaha\AppData\Local\ClassInEDBMVP\installer-smoke\1.3.1-final\_internal\release_metadata\license-files\pip\13-LICENSE
2026-07-27 14:49:01.560   Time stamp of our file: 2026-07-27 14:47:04.000
2026-07-27 14:49:01.560   Installing the file.
2026-07-27 14:49:01.562   Successfully installed the file.
2026-07-27 14:49:01.562   -- File entry --
2026-07-27 14:49:01.562   Dest filename: C:\Users\aaaha\AppData\Local\ClassInEDBMVP\installer-smoke\1.3.1-final\_internal\release_metadata\license-files\pip\14-LICENSE
2026-07-27 14:49:01.562   Time stamp of our file: 2026-07-27 14:47:04.000
2026-07-27 14:49:01.562   Installing the file.
2026-07-27 14:49:01.563   Successfully installed the file.
2026-07-27 14:49:01.563   -- File entry --
2026-07-27 14:49:01.563   Dest filename: C:\Users\aaaha\AppData\Local\ClassInEDBMVP\installer-smoke\1.3.1-final\_internal\release_metadata\license-files\pip\15-LICENSE
2026-07-27 14:49:01.563   Time stamp of our file: 2026-07-27 14:47:04.000
2026-07-27 14:49:01.563   Installing the file.
2026-07-27 14:49:01.564   Successfully installed the file.
2026-07-27 14:49:01.564   -- File entry --
2026-07-27 14:49:01.564   Dest filename: C:\Users\aaaha\AppData\Local\ClassInEDBMVP\installer-smoke\1.3.1-final\_internal\release_metadata\license-files\pip\16-LICENSE
2026-07-27 14:49:01.564   Time stamp of our file: 2026-07-27 14:47:04.000
2026-07-27 14:49:01.564   Installing the file.
2026-07-27 14:49:01.566   Successfully installed the file.
2026-07-27 14:49:01.566   -- File entry --
2026-07-27 14:49:01.566   Dest filename: C:\Users\aaaha\AppData\Local\ClassInEDBMVP\installer-smoke\1.3.1-final\_internal\release_metadata\license-files\pip\17-LICENSE
2026-07-27 14:49:01.566   Time stamp of our file: 2026-07-27 14:47:04.000
2026-07-27 14:49:01.566   Installing the file.
2026-07-27 14:49:01.567   Successfully installed the file.
2026-07-27 14:49:01.567   -- File entry --
2026-07-27 14:49:01.567   Dest filename: C:\Users\aaaha\AppData\Local\ClassInEDBMVP\installer-smoke\1.3.1-final\_internal\release_metadata\license-files\pip\18-LICENSE
2026-07-27 14:49:01.568   Time stamp of our file: 2026-07-27 14:47:04.000
2026-07-27 14:49:01.568   Installing the file.
2026-07-27 14:49:01.569   Successfully installed the file.
2026-07-27 14:49:01.569   -- File entry --
2026-07-27 14:49:01.569   Dest filename: C:\Users\aaaha\AppData\Local\ClassInEDBMVP\installer-smoke\1.3.1-final\_internal\release_metadata\license-files\pip\19-LICENSE
2026-07-27 14:49:01.569   Time stamp of our file: 2026-07-27 14:47:04.000
2026-07-27 14:49:01.569   Installing the file.
2026-07-27 14:49:01.570   Successfully installed the file.
2026-07-27 14:49:01.570   -- File entry --
2026-07-27 14:49:01.570   Dest filename: C:\Users\aaaha\AppData\Local\ClassInEDBMVP\installer-smoke\1.3.1-final\_internal\release_metadata\license-files\pip\20-LICENSE
2026-07-27 14:49:01.570   Time stamp of our file: 2026-07-27 14:47:04.000
2026-07-27 14:49:01.570   Installing the file.
2026-07-27 14:49:01.571   Successfully installed the file.
2026-07-27 14:49:01.571   -- File entry --
2026-07-27 14:49:01.571   Dest filename: C:\Users\aaaha\AppData\Local\ClassInEDBMVP\installer-smoke\1.3.1-final\_internal\release_metadata\license-files\pip\21-LICENSE.txt
2026-07-27 14:49:01.571   Time stamp of our file: 2026-07-27 14:47:04.000
2026-07-27 14:49:01.571   Installing the file.
2026-07-27 14:49:01.572   Successfully installed the file.
2026-07-27 14:49:01.572   -- File entry --
2026-07-27 14:49:01.572   Dest filename: C:\Users\aaaha\AppData\Local\ClassInEDBMVP\installer-smoke\1.3.1-final\_internal\release_metadata\license-files\pip\22-LICENSE.txt
2026-07-27 14:49:01.572   Time stamp of our file: 2026-07-27 14:47:04.000
2026-07-27 14:49:01.572   Installing the file.
2026-07-27 14:49:01.573   Successfully installed the file.
2026-07-27 14:49:01.573   -- File entry --
2026-07-27 14:49:01.573   Dest filename: C:\Users\aaaha\AppData\Local\ClassInEDBMVP\installer-smoke\1.3.1-final\_internal\release_metadata\license-files\pip\23-LICENSE
2026-07-27 14:49:01.573   Time stamp of our file: 2026-07-27 14:47:04.000
2026-07-27 14:49:01.573   Installing the file.
2026-07-27 14:49:01.576   Successfully installed the file.
2026-07-27 14:49:01.576   -- File entry --
2026-07-27 14:49:01.576   Dest filename: C:\Users\aaaha\AppData\Local\ClassInEDBMVP\installer-smoke\1.3.1-final\_internal\release_metadata\license-files\pip\24-LICENSE.txt
2026-07-27 14:49:01.576   Time stamp of our file: 2026-07-27 14:47:04.000
2026-07-27 14:49:01.576   Installing the file.
2026-07-27 14:49:01.578   Successfully installed the file.
2026-07-27 14:49:01.578   -- File entry --
2026-07-27 14:49:01.578   Dest filename: C:\Users\aaaha\AppData\Local\ClassInEDBMVP\installer-smoke\1.3.1-final\_internal\release_metadata\license-files\pip\25-LICENSE
2026-07-27 14:49:01.579   Time stamp of our file: 2026-07-27 14:47:04.000
2026-07-27 14:49:01.579   Installing the file.
2026-07-27 14:49:01.579   Successfully installed the file.
2026-07-27 14:49:01.579   -- File entry --
2026-07-27 14:49:01.580   Dest filename: C:\Users\aaaha\AppData\Local\ClassInEDBMVP\installer-smoke\1.3.1-final\_internal\release_metadata\license-files\pip\26-LICENSE.md
2026-07-27 14:49:01.580   Time stamp of our file: 2026-07-27 14:47:04.000
2026-07-27 14:49:01.580   Installing the file.
2026-07-27 14:49:01.580   Successfully installed the file.
2026-07-27 14:49:01.581   -- File entry --
2026-07-27 14:49:01.581   Dest filename: C:\Users\aaaha\AppData\Local\ClassInEDBMVP\installer-smoke\1.3.1-final\_internal\release_metadata\license-files\pip\27-COPYING
2026-07-27 14:49:01.581   Time stamp of our file: 2026-07-27 14:47:04.000
2026-07-27 14:49:01.581   Installing the file.
2026-07-27 14:49:01.582   Successfully installed the file.
2026-07-27 14:49:01.582   -- File entry --
2026-07-27 14:49:01.582   Dest filename: C:\Users\aaaha\AppData\Local\ClassInEDBMVP\installer-smoke\1.3.1-final\_internal\release_metadata\license-files\pip\28-LICENSE
2026-07-27 14:49:01.582   Time stamp of our file: 2026-07-27 14:47:04.000
2026-07-27 14:49:01.582   Installing the file.
2026-07-27 14:49:01.583   Successfully installed the file.
2026-07-27 14:49:01.583   -- File entry --
2026-07-27 14:49:01.583   Dest filename: C:\Users\aaaha\AppData\Local\ClassInEDBMVP\installer-smoke\1.3.1-final\_internal\release_metadata\license-files\pip\29-LICENSE.APACHE
2026-07-27 14:49:01.583   Time stamp of our file: 2026-07-27 14:47:04.000
2026-07-27 14:49:01.583   Installing the file.
2026-07-27 14:49:01.584   Successfully installed the file.
2026-07-27 14:49:01.584   -- File entry --
2026-07-27 14:49:01.584   Dest filename: C:\Users\aaaha\AppData\Local\ClassInEDBMVP\installer-smoke\1.3.1-final\_internal\release_metadata\license-files\pip\30-LICENSE.BSD
2026-07-27 14:49:01.584   Time stamp of our file: 2026-07-27 14:47:04.000
2026-07-27 14:49:01.584   Installing the file.
2026-07-27 14:49:01.585   Successfully installed the file.
2026-07-27 14:49:01.585   -- File entry --
2026-07-27 14:49:01.585   Dest filename: C:\Users\aaaha\AppData\Local\ClassInEDBMVP\installer-smoke\1.3.1-final\_internal\release_metadata\license-files\pip\31-LICENSE
2026-07-27 14:49:01.585   Time stamp of our file: 2026-07-27 14:47:04.000
2026-07-27 14:49:01.585   Installing the file.
2026-07-27 14:49:01.586   Successfully installed the file.
2026-07-27 14:49:01.586   -- File entry --
2026-07-27 14:49:01.586   Dest filename: C:\Users\aaaha\AppData\Local\ClassInEDBMVP\installer-smoke\1.3.1-final\_internal\release_metadata\license-files\pip\32-LICENSE
2026-07-27 14:49:01.586   Time stamp of our file: 2026-07-27 14:47:04.000
2026-07-27 14:49:01.586   Installing the file.
2026-07-27 14:49:01.587   Successfully installed the file.
2026-07-27 14:49:01.587   -- File entry --
2026-07-27 14:49:01.587   Dest filename: C:\Users\aaaha\AppData\Local\ClassInEDBMVP\installer-smoke\1.3.1-final\_internal\release_metadata\license-files\pip\33-LICENSE
2026-07-27 14:49:01.587   Time stamp of our file: 2026-07-27 14:47:04.000
2026-07-27 14:49:01.587   Installing the file.
2026-07-27 14:49:01.588   Successfully installed the file.
2026-07-27 14:49:01.588   -- File entry --
2026-07-27 14:49:01.588   Dest filename: C:\Users\aaaha\AppData\Local\ClassInEDBMVP\installer-smoke\1.3.1-final\_internal\release_metadata\license-files\pip\34-LICENSE
2026-07-27 14:49:01.588   Time stamp of our file: 2026-07-27 14:47:04.000
2026-07-27 14:49:01.588   Installing the file.
2026-07-27 14:49:01.589   Successfully installed the file.
2026-07-27 14:49:01.589   -- File entry --
2026-07-27 14:49:01.589   Dest filename: C:\Users\aaaha\AppData\Local\ClassInEDBMVP\installer-smoke\1.3.1-final\_internal\release_metadata\license-files\pip\35-LICENSE
2026-07-27 14:49:01.589   Time stamp of our file: 2026-07-27 14:47:04.000
2026-07-27 14:49:01.589   Installing the file.
2026-07-27 14:49:01.590   Successfully installed the file.
2026-07-27 14:49:01.590   -- File entry --
2026-07-27 14:49:01.590   Dest filename: C:\Users\aaaha\AppData\Local\ClassInEDBMVP\installer-smoke\1.3.1-final\_internal\release_metadata\license-files\pip\36-LICENSE
2026-07-27 14:49:01.591   Time stamp of our file: 2026-07-27 14:47:04.000
2026-07-27 14:49:01.591   Installing the file.
2026-07-27 14:49:01.591   Successfully installed the file.
2026-07-27 14:49:01.592   -- File entry --
2026-07-27 14:49:01.592   Dest filename: C:\Users\aaaha\AppData\Local\ClassInEDBMVP\installer-smoke\1.3.1-final\_internal\release_metadata\license-files\pip\37-LICENSE
2026-07-27 14:49:01.592   Time stamp of our file: 2026-07-27 14:47:04.000
2026-07-27 14:49:01.592   Installing the file.
2026-07-27 14:49:01.593   Successfully installed the file.
2026-07-27 14:49:01.593   -- File entry --
2026-07-27 14:49:01.593   Dest filename: C:\Users\aaaha\AppData\Local\ClassInEDBMVP\installer-smoke\1.3.1-final\_internal\release_metadata\license-files\pip\38-LICENSE
2026-07-27 14:49:01.593   Time stamp of our file: 2026-07-27 14:47:04.000
2026-07-27 14:49:01.594   Installing the file.
2026-07-27 14:49:01.595   Successfully installed the file.
2026-07-27 14:49:01.595   -- File entry --
2026-07-27 14:49:01.595   Dest filename: C:\Users\aaaha\AppData\Local\ClassInEDBMVP\installer-smoke\1.3.1-final\_internal\release_metadata\license-files\pip\39-LICENSE
2026-07-27 14:49:01.595   Time stamp of our file: 2026-07-27 14:47:04.000
2026-07-27 14:49:01.595   Installing the file.
2026-07-27 14:49:01.596   Successfully installed the file.
2026-07-27 14:49:01.596   -- File entry --
2026-07-27 14:49:01.596   Dest filename: C:\Users\aaaha\AppData\Local\ClassInEDBMVP\installer-smoke\1.3.1-final\_internal\release_metadata\license-files\pip\40-LICENSE
2026-07-27 14:49:01.597   Time stamp of our file: 2026-07-27 14:47:04.000
2026-07-27 14:49:01.597   Installing the file.
2026-07-27 14:49:01.598   Successfully installed the file.
2026-07-27 14:49:01.598   -- File entry --
2026-07-27 14:49:01.598   Dest filename: C:\Users\aaaha\AppData\Local\ClassInEDBMVP\installer-smoke\1.3.1-final\_internal\release_metadata\license-files\pip\41-LICENSE.txt
2026-07-27 14:49:01.598   Time stamp of our file: 2026-07-27 14:47:04.000
2026-07-27 14:49:01.598   Installing the file.
2026-07-27 14:49:01.599   Successfully installed the file.
2026-07-27 14:49:01.599   -- File entry --
2026-07-27 14:49:01.599   Dest filename: C:\Users\aaaha\AppData\Local\ClassInEDBMVP\installer-smoke\1.3.1-final\_internal\release_metadata\license-files\pycparser\01-LICENSE
2026-07-27 14:49:01.599   Time stamp of our file: 2026-07-27 14:47:04.000
2026-07-27 14:49:01.599   Installing the file.
2026-07-27 14:49:01.599   Creating directory: C:\Users\aaaha\AppData\Local\ClassInEDBMVP\installer-smoke\1.3.1-final\_internal\release_metadata\license-files\pycparser
2026-07-27 14:49:01.600   Successfully installed the file.
2026-07-27 14:49:01.600   -- File entry --
2026-07-27 14:49:01.601   Dest filename: C:\Users\aaaha\AppData\Local\ClassInEDBMVP\installer-smoke\1.3.1-final\_internal\release_metadata\license-files\pydantic\01-LICENSE
2026-07-27 14:49:01.601   Time stamp of our file: 2026-07-27 14:47:04.000
2026-07-27 14:49:01.601   Installing the file.
2026-07-27 14:49:01.601   Creating directory: C:\Users\aaaha\AppData\Local\ClassInEDBMVP\installer-smoke\1.3.1-final\_internal\release_metadata\license-files\pydantic
2026-07-27 14:49:01.602   Successfully installed the file.
2026-07-27 14:49:01.602   -- File entry --
2026-07-27 14:49:01.603   Dest filename: C:\Users\aaaha\AppData\Local\ClassInEDBMVP\installer-smoke\1.3.1-final\_internal\release_metadata\license-files\pydantic-core\01-LICENSE
2026-07-27 14:49:01.603   Time stamp of our file: 2026-07-27 14:47:04.000
2026-07-27 14:49:01.603   Installing the file.
2026-07-27 14:49:01.603   Creating directory: C:\Users\aaaha\AppData\Local\ClassInEDBMVP\installer-smoke\1.3.1-final\_internal\release_metadata\license-files\pydantic-core
2026-07-27 14:49:01.604   Successfully installed the file.
2026-07-27 14:49:01.604   -- File entry --
2026-07-27 14:49:01.604   Dest filename: C:\Users\aaaha\AppData\Local\ClassInEDBMVP\installer-smoke\1.3.1-final\_internal\release_metadata\license-files\pyhwp\01-COPYING
2026-07-27 14:49:01.604   Time stamp of our file: 2026-07-27 14:47:04.000
2026-07-27 14:49:01.604   Installing the file.
2026-07-27 14:49:01.604   Creating directory: C:\Users\aaaha\AppData\Local\ClassInEDBMVP\installer-smoke\1.3.1-final\_internal\release_metadata\license-files\pyhwp
2026-07-27 14:49:01.606   Successfully installed the file.
2026-07-27 14:49:01.606   -- File entry --
2026-07-27 14:49:01.606   Dest filename: C:\Users\aaaha\AppData\Local\ClassInEDBMVP\installer-smoke\1.3.1-final\_internal\release_metadata\license-files\pyhwp\02-COPYING
2026-07-27 14:49:01.606   Time stamp of our file: 2026-07-27 14:47:04.000
2026-07-27 14:49:01.606   Installing the file.
2026-07-27 14:49:01.607   Successfully installed the file.
2026-07-27 14:49:01.607   -- File entry --
2026-07-27 14:49:01.607   Dest filename: C:\Users\aaaha\AppData\Local\ClassInEDBMVP\installer-smoke\1.3.1-final\_internal\release_metadata\license-files\pyhwp\03-LICENSE
2026-07-27 14:49:01.607   Time stamp of our file: 2026-07-27 14:47:04.000
2026-07-27 14:49:01.607   Installing the file.
2026-07-27 14:49:01.608   Successfully installed the file.
2026-07-27 14:49:01.608   -- File entry --
2026-07-27 14:49:01.609   Dest filename: C:\Users\aaaha\AppData\Local\ClassInEDBMVP\installer-smoke\1.3.1-final\_internal\release_metadata\license-files\pyinstaller\01-COPYING.txt
2026-07-27 14:49:01.609   Time stamp of our file: 2026-07-27 14:47:04.000
2026-07-27 14:49:01.609   Installing the file.
2026-07-27 14:49:01.609   Creating directory: C:\Users\aaaha\AppData\Local\ClassInEDBMVP\installer-smoke\1.3.1-final\_internal\release_metadata\license-files\pyinstaller
2026-07-27 14:49:01.610   Successfully installed the file.
2026-07-27 14:49:01.610   -- File entry --
2026-07-27 14:49:01.610   Dest filename: C:\Users\aaaha\AppData\Local\ClassInEDBMVP\installer-smoke\1.3.1-final\_internal\release_metadata\license-files\pyinstaller-hooks-contrib\01-LICENSE
2026-07-27 14:49:01.610   Time stamp of our file: 2026-07-27 14:47:04.000
2026-07-27 14:49:01.610   Installing the file.
2026-07-27 14:49:01.611   Creating directory: C:\Users\aaaha\AppData\Local\ClassInEDBMVP\installer-smoke\1.3.1-final\_internal\release_metadata\license-files\pyinstaller-hooks-contrib
2026-07-27 14:49:01.613   Successfully installed the file.
2026-07-27 14:49:01.613   -- File entry --
2026-07-27 14:49:01.613   Dest filename: C:\Users\aaaha\AppData\Local\ClassInEDBMVP\installer-smoke\1.3.1-final\_internal\release_metadata\license-files\pymupdf\01-COPYING
2026-07-27 14:49:01.613   Time stamp of our file: 2026-07-27 14:47:04.000
2026-07-27 14:49:01.613   Installing the file.
2026-07-27 14:49:01.614   Creating directory: C:\Users\aaaha\AppData\Local\ClassInEDBMVP\installer-smoke\1.3.1-final\_internal\release_metadata\license-files\pymupdf
2026-07-27 14:49:01.615   Successfully installed the file.
2026-07-27 14:49:01.615   -- File entry --
2026-07-27 14:49:01.615   Dest filename: C:\Users\aaaha\AppData\Local\ClassInEDBMVP\installer-smoke\1.3.1-final\_internal\release_metadata\license-files\python-docx\01-LICENSE
2026-07-27 14:49:01.616   Time stamp of our file: 2026-07-27 14:47:04.000
2026-07-27 14:49:01.616   Installing the file.
2026-07-27 14:49:01.616   Creating directory: C:\Users\aaaha\AppData\Local\ClassInEDBMVP\installer-smoke\1.3.1-final\_internal\release_metadata\license-files\python-docx
2026-07-27 14:49:01.617   Successfully installed the file.
2026-07-27 14:49:01.617   -- File entry --
2026-07-27 14:49:01.617   Dest filename: C:\Users\aaaha\AppData\Local\ClassInEDBMVP\installer-smoke\1.3.1-final\_internal\release_metadata\license-files\pywin32-ctypes\01-LICENSE.txt
2026-07-27 14:49:01.617   Time stamp of our file: 2026-07-27 14:47:04.000
2026-07-27 14:49:01.617   Installing the file.
2026-07-27 14:49:01.617   Creating directory: C:\Users\aaaha\AppData\Local\ClassInEDBMVP\installer-smoke\1.3.1-final\_internal\release_metadata\license-files\pywin32-ctypes
2026-07-27 14:49:01.619   Successfully installed the file.
2026-07-27 14:49:01.619   -- File entry --
2026-07-27 14:49:01.619   Dest filename: C:\Users\aaaha\AppData\Local\ClassInEDBMVP\installer-smoke\1.3.1-final\_internal\release_metadata\license-files\rhwp-python\01-LICENSE
2026-07-27 14:49:01.619   Time stamp of our file: 2026-07-27 14:47:04.000
2026-07-27 14:49:01.619   Installing the file.
2026-07-27 14:49:01.619   Creating directory: C:\Users\aaaha\AppData\Local\ClassInEDBMVP\installer-smoke\1.3.1-final\_internal\release_metadata\license-files\rhwp-python
2026-07-27 14:49:01.620   Successfully installed the file.
2026-07-27 14:49:01.621   -- File entry --
2026-07-27 14:49:01.621   Dest filename: C:\Users\aaaha\AppData\Local\ClassInEDBMVP\installer-smoke\1.3.1-final\_internal\release_metadata\license-files\rhwp-python\02-LICENSE
2026-07-27 14:49:01.621   Time stamp of our file: 2026-07-27 14:47:04.000
2026-07-27 14:49:01.621   Installing the file.
2026-07-27 14:49:01.622   Successfully installed the file.
2026-07-27 14:49:01.622   -- File entry --
2026-07-27 14:49:01.622   Dest filename: C:\Users\aaaha\AppData\Local\ClassInEDBMVP\installer-smoke\1.3.1-final\_internal\release_metadata\license-files\setuptools\01-LICENSE
2026-07-27 14:49:01.622   Time stamp of our file: 2026-07-27 14:47:04.000
2026-07-27 14:49:01.622   Installing the file.
2026-07-27 14:49:01.622   Creating directory: C:\Users\aaaha\AppData\Local\ClassInEDBMVP\installer-smoke\1.3.1-final\_internal\release_metadata\license-files\setuptools
2026-07-27 14:49:01.623   Successfully installed the file.
2026-07-27 14:49:01.623   -- File entry --
2026-07-27 14:49:01.623   Dest filename: C:\Users\aaaha\AppData\Local\ClassInEDBMVP\installer-smoke\1.3.1-final\_internal\release_metadata\license-files\setuptools\02-LICENSE
2026-07-27 14:49:01.623   Time stamp of our file: 2026-07-27 14:47:04.000
2026-07-27 14:49:01.623   Installing the file.
2026-07-27 14:49:01.624   Successfully installed the file.
2026-07-27 14:49:01.624   -- File entry --
2026-07-27 14:49:01.624   Dest filename: C:\Users\aaaha\AppData\Local\ClassInEDBMVP\installer-smoke\1.3.1-final\_internal\release_metadata\license-files\setuptools\03-LICENSE
2026-07-27 14:49:01.624   Time stamp of our file: 2026-07-27 14:47:04.000
2026-07-27 14:49:01.624   Installing the file.
2026-07-27 14:49:01.625   Successfully installed the file.
2026-07-27 14:49:01.625   -- File entry --
2026-07-27 14:49:01.625   Dest filename: C:\Users\aaaha\AppData\Local\ClassInEDBMVP\installer-smoke\1.3.1-final\_internal\release_metadata\license-files\setuptools\04-LICENSE
2026-07-27 14:49:01.625   Time stamp of our file: 2026-07-27 14:47:04.000
2026-07-27 14:49:01.625   Installing the file.
2026-07-27 14:49:01.626   Successfully installed the file.
2026-07-27 14:49:01.626   -- File entry --
2026-07-27 14:49:01.626   Dest filename: C:\Users\aaaha\AppData\Local\ClassInEDBMVP\installer-smoke\1.3.1-final\_internal\release_metadata\license-files\setuptools\05-LICENSE
2026-07-27 14:49:01.627   Time stamp of our file: 2026-07-27 14:47:04.000
2026-07-27 14:49:01.627   Installing the file.
2026-07-27 14:49:01.628   Successfully installed the file.
2026-07-27 14:49:01.628   -- File entry --
2026-07-27 14:49:01.628   Dest filename: C:\Users\aaaha\AppData\Local\ClassInEDBMVP\installer-smoke\1.3.1-final\_internal\release_metadata\license-files\setuptools\06-LICENSE
2026-07-27 14:49:01.628   Time stamp of our file: 2026-07-27 14:47:04.000
2026-07-27 14:49:01.628   Installing the file.
2026-07-27 14:49:01.629   Successfully installed the file.
2026-07-27 14:49:01.629   -- File entry --
2026-07-27 14:49:01.629   Dest filename: C:\Users\aaaha\AppData\Local\ClassInEDBMVP\installer-smoke\1.3.1-final\_internal\release_metadata\license-files\setuptools\07-LICENSE
2026-07-27 14:49:01.629   Time stamp of our file: 2026-07-27 14:47:04.000
2026-07-27 14:49:01.629   Installing the file.
2026-07-27 14:49:01.630   Successfully installed the file.
2026-07-27 14:49:01.630   -- File entry --
2026-07-27 14:49:01.630   Dest filename: C:\Users\aaaha\AppData\Local\ClassInEDBMVP\installer-smoke\1.3.1-final\_internal\release_metadata\license-files\setuptools\08-LICENSE
2026-07-27 14:49:01.630   Time stamp of our file: 2026-07-27 14:47:04.000
2026-07-27 14:49:01.630   Installing the file.
2026-07-27 14:49:01.631   Successfully installed the file.
2026-07-27 14:49:01.631   -- File entry --
2026-07-27 14:49:01.631   Dest filename: C:\Users\aaaha\AppData\Local\ClassInEDBMVP\installer-smoke\1.3.1-final\_internal\release_metadata\license-files\setuptools\09-LICENSE
2026-07-27 14:49:01.631   Time stamp of our file: 2026-07-27 14:47:04.000
2026-07-27 14:49:01.631   Installing the file.
2026-07-27 14:49:01.632   Successfully installed the file.
2026-07-27 14:49:01.632   -- File entry --
2026-07-27 14:49:01.632   Dest filename: C:\Users\aaaha\AppData\Local\ClassInEDBMVP\installer-smoke\1.3.1-final\_internal\release_metadata\license-files\setuptools\10-LICENSE.APACHE
2026-07-27 14:49:01.632   Time stamp of our file: 2026-07-27 14:47:04.000
2026-07-27 14:49:01.632   Installing the file.
2026-07-27 14:49:01.633   Successfully installed the file.
2026-07-27 14:49:01.633   -- File entry --
2026-07-27 14:49:01.633   Dest filename: C:\Users\aaaha\AppData\Local\ClassInEDBMVP\installer-smoke\1.3.1-final\_internal\release_metadata\license-files\setuptools\11-LICENSE.BSD
2026-07-27 14:49:01.633   Time stamp of our file: 2026-07-27 14:47:04.000
2026-07-27 14:49:01.633   Installing the file.
2026-07-27 14:49:01.635   Successfully installed the file.
2026-07-27 14:49:01.635   -- File entry --
2026-07-27 14:49:01.635   Dest filename: C:\Users\aaaha\AppData\Local\ClassInEDBMVP\installer-smoke\1.3.1-final\_internal\release_metadata\license-files\setuptools\12-LICENSE
2026-07-27 14:49:01.635   Time stamp of our file: 2026-07-27 14:47:04.000
2026-07-27 14:49:01.635   Installing the file.
2026-07-27 14:49:01.636   Successfully installed the file.
2026-07-27 14:49:01.636   -- File entry --
2026-07-27 14:49:01.636   Dest filename: C:\Users\aaaha\AppData\Local\ClassInEDBMVP\installer-smoke\1.3.1-final\_internal\release_metadata\license-files\setuptools\13-LICENSE
2026-07-27 14:49:01.636   Time stamp of our file: 2026-07-27 14:47:04.000
2026-07-27 14:49:01.636   Installing the file.
2026-07-27 14:49:01.637   Successfully installed the file.
2026-07-27 14:49:01.637   -- File entry --
2026-07-27 14:49:01.637   Dest filename: C:\Users\aaaha\AppData\Local\ClassInEDBMVP\installer-smoke\1.3.1-final\_internal\release_metadata\license-files\setuptools\14-LICENSE.txt
2026-07-27 14:49:01.637   Time stamp of our file: 2026-07-27 14:47:04.000
2026-07-27 14:49:01.637   Installing the file.
2026-07-27 14:49:01.638   Successfully installed the file.
2026-07-27 14:49:01.638   -- File entry --
2026-07-27 14:49:01.638   Dest filename: C:\Users\aaaha\AppData\Local\ClassInEDBMVP\installer-smoke\1.3.1-final\_internal\release_metadata\license-files\setuptools\15-LICENSE
2026-07-27 14:49:01.638   Time stamp of our file: 2026-07-27 14:47:04.000
2026-07-27 14:49:01.638   Installing the file.
2026-07-27 14:49:01.639   Successfully installed the file.
2026-07-27 14:49:01.639   -- File entry --
2026-07-27 14:49:01.639   Dest filename: C:\Users\aaaha\AppData\Local\ClassInEDBMVP\installer-smoke\1.3.1-final\_internal\release_metadata\license-files\setuptools\16-NOTICE
2026-07-27 14:49:01.639   Time stamp of our file: 2026-07-27 14:47:04.000
2026-07-27 14:49:01.639   Installing the file.
2026-07-27 14:49:01.640   Successfully installed the file.
2026-07-27 14:49:01.640   -- File entry --
2026-07-27 14:49:01.640   Dest filename: C:\Users\aaaha\AppData\Local\ClassInEDBMVP\installer-smoke\1.3.1-final\_internal\release_metadata\license-files\setuptools\17-NOTICE
2026-07-27 14:49:01.640   Time stamp of our file: 2026-07-27 14:47:04.000
2026-07-27 14:49:01.640   Installing the file.
2026-07-27 14:49:01.641   Successfully installed the file.
2026-07-27 14:49:01.641   -- File entry --
2026-07-27 14:49:01.642   Dest filename: C:\Users\aaaha\AppData\Local\ClassInEDBMVP\installer-smoke\1.3.1-final\_internal\release_metadata\license-files\six\01-LICENSE
2026-07-27 14:49:01.642   Time stamp of our file: 2026-07-27 14:47:04.000
2026-07-27 14:49:01.642   Installing the file.
2026-07-27 14:49:01.642   Creating directory: C:\Users\aaaha\AppData\Local\ClassInEDBMVP\installer-smoke\1.3.1-final\_internal\release_metadata\license-files\six
2026-07-27 14:49:01.643   Successfully installed the file.
2026-07-27 14:49:01.643   -- File entry --
2026-07-27 14:49:01.643   Dest filename: C:\Users\aaaha\AppData\Local\ClassInEDBMVP\installer-smoke\1.3.1-final\_internal\release_metadata\license-files\typing-extensions\01-LICENSE
2026-07-27 14:49:01.643   Time stamp of our file: 2026-07-27 14:47:04.000
2026-07-27 14:49:01.643   Installing the file.
2026-07-27 14:49:01.643   Creating directory: C:\Users\aaaha\AppData\Local\ClassInEDBMVP\installer-smoke\1.3.1-final\_internal\release_metadata\license-files\typing-extensions
2026-07-27 14:49:01.644   Successfully installed the file.
2026-07-27 14:49:01.644   -- File entry --
2026-07-27 14:49:01.644   Dest filename: C:\Users\aaaha\AppData\Local\ClassInEDBMVP\installer-smoke\1.3.1-final\_internal\release_metadata\license-files\typing-inspection\01-LICENSE
2026-07-27 14:49:01.644   Time stamp of our file: 2026-07-27 14:47:04.000
2026-07-27 14:49:01.644   Installing the file.
2026-07-27 14:49:01.644   Creating directory: C:\Users\aaaha\AppData\Local\ClassInEDBMVP\installer-smoke\1.3.1-final\_internal\release_metadata\license-files\typing-inspection
2026-07-27 14:49:01.645   Successfully installed the file.
2026-07-27 14:49:01.645   -- File entry --
2026-07-27 14:49:01.645   Dest filename: C:\Users\aaaha\AppData\Local\ClassInEDBMVP\installer-smoke\1.3.1-final\_internal\release_metadata\license-files\wheel\01-LICENSE.txt
2026-07-27 14:49:01.645   Time stamp of our file: 2026-07-27 14:47:04.000
2026-07-27 14:49:01.645   Installing the file.
2026-07-27 14:49:01.645   Creating directory: C:\Users\aaaha\AppData\Local\ClassInEDBMVP\installer-smoke\1.3.1-final\_internal\release_metadata\license-files\wheel
2026-07-27 14:49:01.646   Successfully installed the file.
2026-07-27 14:49:01.646   -- File entry --
2026-07-27 14:49:01.647   Dest filename: C:\Users\aaaha\AppData\Local\ClassInEDBMVP\installer-smoke\1.3.1-final\_internal\scripts\render_hwp_with_rhwp_core.mjs
2026-07-27 14:49:01.647   Time stamp of our file: 2026-07-27 14:47:04.000
2026-07-27 14:49:01.647   Installing the file.
2026-07-27 14:49:01.647   Creating directory: C:\Users\aaaha\AppData\Local\ClassInEDBMVP\installer-smoke\1.3.1-final\_internal\scripts
2026-07-27 14:49:01.648   Successfully installed the file.
2026-07-27 14:49:01.648   -- File entry --
2026-07-27 14:49:01.648   Dest filename: C:\Users\aaaha\AppData\Local\ClassInEDBMVP\installer-smoke\1.3.1-final\_internal\ui_prototype\app.bundle.js
2026-07-27 14:49:01.648   Time stamp of our file: 2026-07-27 14:47:04.000
2026-07-27 14:49:01.648   Installing the file.
2026-07-27 14:49:01.648   Creating directory: C:\Users\aaaha\AppData\Local\ClassInEDBMVP\installer-smoke\1.3.1-final\_internal\ui_prototype
2026-07-27 14:49:01.654   Successfully installed the file.
2026-07-27 14:49:01.656   -- File entry --
2026-07-27 14:49:01.656   Dest filename: C:\Users\aaaha\AppData\Local\ClassInEDBMVP\installer-smoke\1.3.1-final\_internal\ui_prototype\board.html
2026-07-27 14:49:01.656   Time stamp of our file: 2026-07-27 14:47:04.000
2026-07-27 14:49:01.656   Installing the file.
2026-07-27 14:49:01.659   Successfully installed the file.
2026-07-27 14:49:01.659   -- File entry --
2026-07-27 14:49:01.659   Dest filename: C:\Users\aaaha\AppData\Local\ClassInEDBMVP\installer-smoke\1.3.1-final\_internal\ui_prototype\favicon.png
2026-07-27 14:49:01.659   Time stamp of our file: 2026-07-27 14:47:04.000
2026-07-27 14:49:01.659   Installing the file.
2026-07-27 14:49:01.663   Successfully installed the file.
2026-07-27 14:49:01.663   -- File entry --
2026-07-27 14:49:01.663   Dest filename: C:\Users\aaaha\AppData\Local\ClassInEDBMVP\installer-smoke\1.3.1-final\_internal\ui_prototype\index.html
2026-07-27 14:49:01.663   Time stamp of our file: 2026-07-27 14:47:04.000
2026-07-27 14:49:01.663   Installing the file.
2026-07-27 14:49:01.663   Successfully installed the file.
2026-07-27 14:49:01.663   -- File entry --
2026-07-27 14:49:01.663   Dest filename: C:\Users\aaaha\AppData\Local\ClassInEDBMVP\installer-smoke\1.3.1-final\_internal\ui_prototype\publish_guard.js
2026-07-27 14:49:01.664   Time stamp of our file: 2026-07-27 14:47:04.000
2026-07-27 14:49:01.664   Installing the file.
2026-07-27 14:49:01.664   Successfully installed the file.
2026-07-27 14:49:01.664   -- File entry --
2026-07-27 14:49:01.664   Dest filename: C:\Users\aaaha\AppData\Local\ClassInEDBMVP\installer-smoke\1.3.1-final\_internal\ui_prototype\publish_summary.js
2026-07-27 14:49:01.665   Time stamp of our file: 2026-07-27 14:47:04.000
2026-07-27 14:49:01.665   Installing the file.
2026-07-27 14:49:01.666   Successfully installed the file.
2026-07-27 14:49:01.666   -- File entry --
2026-07-27 14:49:01.666   Dest filename: C:\Users\aaaha\AppData\Local\ClassInEDBMVP\installer-smoke\1.3.1-final\_internal\ui_prototype\reorder.js
2026-07-27 14:49:01.666   Time stamp of our file: 2026-07-27 14:47:04.000
2026-07-27 14:49:01.666   Installing the file.
2026-07-27 14:49:01.667   Successfully installed the file.
2026-07-27 14:49:01.667   -- File entry --
2026-07-27 14:49:01.667   Dest filename: C:\Users\aaaha\AppData\Local\ClassInEDBMVP\installer-smoke\1.3.1-final\_internal\ui_prototype\review_filters.js
2026-07-27 14:49:01.667   Time stamp of our file: 2026-07-27 14:47:04.000
2026-07-27 14:49:01.667   Installing the file.
2026-07-27 14:49:01.668   Successfully installed the file.
2026-07-27 14:49:01.668   -- File entry --
2026-07-27 14:49:01.668   Dest filename: C:\Users\aaaha\AppData\Local\ClassInEDBMVP\installer-smoke\1.3.1-final\_internal\ui_prototype\vendor\react-dom.production.min.js
2026-07-27 14:49:01.668   Time stamp of our file: 2026-07-27 14:47:04.000
2026-07-27 14:49:01.668   Installing the file.
2026-07-27 14:49:01.668   Creating directory: C:\Users\aaaha\AppData\Local\ClassInEDBMVP\installer-smoke\1.3.1-final\_internal\ui_prototype\vendor
2026-07-27 14:49:01.672   Successfully installed the file.
2026-07-27 14:49:01.672   -- File entry --
2026-07-27 14:49:01.672   Dest filename: C:\Users\aaaha\AppData\Local\ClassInEDBMVP\installer-smoke\1.3.1-final\_internal\ui_prototype\vendor\react.production.min.js
2026-07-27 14:49:01.673   Time stamp of our file: 2026-07-27 14:47:04.000
2026-07-27 14:49:01.673   Installing the file.
2026-07-27 14:49:01.674   Successfully installed the file.
2026-07-27 14:49:01.674   -- Icon entry --
2026-07-27 14:49:01.674   Dest filename: C:\Users\aaaha\AppData\Roaming\Microsoft\Windows\Start Menu\Programs\ClassIn EDB\ClassIn EDB.lnk
2026-07-27 14:49:01.674   Creating directory: C:\Users\aaaha\AppData\Roaming\Microsoft\Windows\Start Menu\Programs\ClassIn EDB
2026-07-27 14:49:01.679   Creating the icon.
2026-07-27 14:49:01.755   Successfully created the icon.
2026-07-27 14:49:01.759   Saving uninstall information.
2026-07-27 14:49:01.759   Creating new uninstall key: HKEY_CURRENT_USER\Software\Microsoft\Windows\CurrentVersion\Uninstall\{8F3C4B60-7E9A-4B0F-A7F1-EDB0D1E7C001}_is1
2026-07-27 14:49:01.759   Writing uninstall key values.
2026-07-27 14:49:01.760   Detected previous administrative 64-bit install? No
2026-07-27 14:49:01.760   Detected previous administrative 32-bit install? No
2026-07-27 14:49:01.765   Installation process succeeded.
2026-07-27 14:49:01.765   Need to restart Windows? No
2026-07-27 14:49:01.770   Deinitializing Setup.
2026-07-27 14:49:01.778   Log closed.
